Instance,Variable Count,Variable Bits,AST Bits
QF_BVFP/20170428-Liew-KLEE/aachen_real_diction_style.x86_64/query.27,1,32,519
QF_BVFP/20170428-Liew-KLEE/aachen_real_gmp_gmp_klee_integer.x86_64/query.10,1,64,10983
QF_BVFP/20170428-Liew-KLEE/aachen_real_numerical_recipes_gaussj.x86_64/query.01,1,32,166
QF_BVFP/20170428-Liew-KLEE/aachen_real_numerical_recipes_qrdcmp.x86_64/query.1,1,32,837
QF_BVFP/20170428-Liew-KLEE/aachen_real_wxpro_tostr.x86_64/query.32,1,64,1422
QF_BVFP/20170428-Liew-KLEE/aachen_real_wxpro_tostr.x86_64/query.57,1,64,1554
QF_BVFP/20170428-Liew-KLEE/aachen_real_wxpro_tostr.x86_64/query.68,1,64,1802
QF_BVFP/20170428-Liew-KLEE/aachen_syn_halve_longdouble-flow.x86_64/query.0,1,80,263
QF_BVFP/20170428-Liew-KLEE/aachen_syn_mod_double.x86_64/query.00,1,64,66
QF_BVFP/20170428-Liew-KLEE/aachen_syn_sqr_double-flow.x86_64/query.5,1,64,530
QF_BVFP/20170428-Liew-KLEE/aachen_syn_sqr_double-noflow.x86_64/query.1,1,64,458
QF_BVFP/20170428-Liew-KLEE/aachen_syn_sqr_double-noflow.x86_64/query.2,1,64,463
QF_BVFP/20170428-Liew-KLEE/aachen_syn_sqr_double-noflow.x86_64/query.3,1,64,464
QF_BVFP/20170428-Liew-KLEE/aachen_syn_sqr_float-noflow.x86_64/query.3,1,32,464
QF_BVFP/20170428-Liew-KLEE/aachen_syn_sqr_longdouble-noflow.x86_64/query.1,1,80,1003
QF_BVFP/20170428-Liew-KLEE/imperial_gsl_benchmarks_blas_klee_bug.x86_64/query.2,1,64,775
QF_BVFP/20170428-Liew-KLEE/imperial_gsl_benchmarks_blas_klee_correct.x86_64/query.4,1,64,902
QF_BVFP/20170428-Liew-KLEE/imperial_gsl_benchmarks_differentiation_klee.x86_64/query.10,20,1280,11432
QF_BVFP/20170428-Liew-KLEE/imperial_gsl_benchmarks_polyroots_klee_high_degree_bug.x86_64/query.01,1,64,196
QF_BVFP/20170428-Liew-KLEE/imperial_gsl_benchmarks_sort_smallest_klee.x86_64/query.0022,4,256,267
QF_BVFP/20170428-Liew-KLEE/imperial_gsl_benchmarks_sort_smallest_klee.x86_64/query.0023,4,256,269
QF_BVFP/20170428-Liew-KLEE/imperial_gsl_benchmarks_sort_smallest_klee.x86_64/query.0034,4,256,265
QF_BVFP/20170428-Liew-KLEE/imperial_gsl_benchmarks_sort_smallest_klee.x86_64/query.0040,5,320,335
QF_BVFP/20170428-Liew-KLEE/imperial_gsl_benchmarks_sort_smallest_klee.x86_64/query.0051,6,384,405
QF_BVFP/20170428-Liew-KLEE/imperial_gsl_benchmarks_sort_smallest_klee.x86_64/query.0053,5,320,335
QF_BVFP/20170428-Liew-KLEE/imperial_gsl_benchmarks_sort_smallest_klee.x86_64/query.0056,5,320,332
QF_BVFP/20170428-Liew-KLEE/imperial_gsl_benchmarks_sort_smallest_klee.x86_64/query.0083,6,384,403
QF_BVFP/20170428-Liew-KLEE/imperial_gsl_benchmarks_sort_smallest_klee.x86_64/query.0112,6,384,403
QF_BVFP/20170428-Liew-KLEE/imperial_gsl_benchmarks_sort_smallest_klee.x86_64/query.0128,5,320,338
QF_BVFP/20170428-Liew-KLEE/imperial_gsl_benchmarks_sort_smallest_klee.x86_64/query.0131,5,320,340
QF_BVFP/20170428-Liew-KLEE/imperial_gsl_benchmarks_sort_smallest_klee.x86_64/query.0151,6,384,403
QF_BVFP/20170428-Liew-KLEE/imperial_gsl_benchmarks_sort_smallest_klee.x86_64/query.0165,6,384,409
QF_BVFP/20170428-Liew-KLEE/imperial_gsl_benchmarks_sort_smallest_klee.x86_64/query.0232,6,384,400
QF_BVFP/20170428-Liew-KLEE/imperial_gsl_benchmarks_sort_smallest_klee.x86_64/query.0245,6,384,410
QF_BVFP/20170428-Liew-KLEE/imperial_gsl_benchmarks_sort_smallest_klee.x86_64/query.0264,6,384,407
QF_BVFP/20170428-Liew-KLEE/imperial_gsl_benchmarks_sort_smallest_klee.x86_64/query.0278,6,384,405
QF_BVFP/20170428-Liew-KLEE/imperial_gsl_benchmarks_sort_smallest_klee.x86_64/query.0331,6,384,404
QF_BVFP/20170428-Liew-KLEE/imperial_gsl_benchmarks_sort_smallest_klee.x86_64/query.0346,6,384,402
QF_BVFP/20170428-Liew-KLEE/imperial_gsl_benchmarks_sort_smallest_klee.x86_64/query.0367,6,384,410
QF_BVFP/20170428-Liew-KLEE/imperial_gsl_benchmarks_sort_smallest_klee.x86_64/query.0376,6,384,407
QF_BVFP/20170428-Liew-KLEE/imperial_gsl_benchmarks_sort_smallest_klee.x86_64/query.0399,6,384,406
QF_BVFP/20170428-Liew-KLEE/imperial_gsl_benchmarks_sort_smallest_klee.x86_64/query.0426,6,384,403
QF_BVFP/20170428-Liew-KLEE/imperial_gsl_benchmarks_sort_smallest_klee.x86_64/query.0440,6,384,406
QF_BVFP/20170428-Liew-KLEE/imperial_gsl_benchmarks_sort_smallest_klee.x86_64/query.0468,6,384,408
QF_BVFP/20170428-Liew-KLEE/imperial_gsl_benchmarks_sort_smallest_klee.x86_64/query.0478,6,384,409
QF_BVFP/20170428-Liew-KLEE/imperial_gsl_benchmarks_sort_smallest_klee.x86_64/query.0635,6,384,410
QF_BVFP/20170428-Liew-KLEE/imperial_gsl_benchmarks_sort_smallest_klee.x86_64/query.0655,6,384,411
QF_BVFP/20170428-Liew-KLEE/imperial_gsl_benchmarks_sort_smallest_klee.x86_64/query.0660,6,384,410
QF_BVFP/20170428-Liew-KLEE/imperial_gsl_benchmarks_sort_smallest_klee.x86_64/query.0671,6,384,414
QF_BVFP/20170428-Liew-KLEE/imperial_gsl_benchmarks_sort_smallest_klee.x86_64/query.0672,6,384,408
QF_BVFP/20170428-Liew-KLEE/imperial_gsl_benchmarks_sort_smallest_klee.x86_64/query.0716,6,384,404
QF_BVFP/20170428-Liew-KLEE/imperial_gsl_benchmarks_sort_smallest_klee.x86_64/query.0757,6,384,403
QF_BVFP/20170428-Liew-KLEE/imperial_gsl_benchmarks_sort_smallest_klee.x86_64/query.0809,6,384,410
QF_BVFP/20170428-Liew-KLEE/imperial_gsl_benchmarks_sort_smallest_klee.x86_64/query.0854,6,384,411
QF_BVFP/20170428-Liew-KLEE/imperial_gsl_benchmarks_sort_smallest_klee.x86_64/query.0867,6,384,408
QF_BVFP/20170428-Liew-KLEE/imperial_gsl_benchmarks_sort_smallest_klee.x86_64/query.0892,6,384,410
QF_BVFP/20170428-Liew-KLEE/imperial_gsl_benchmarks_sort_smallest_klee.x86_64/query.0919,6,384,410
QF_BVFP/20170428-Liew-KLEE/imperial_gsl_benchmarks_sort_smallest_klee.x86_64/query.0959,6,384,406
QF_BVFP/20170428-Liew-KLEE/imperial_gsl_benchmarks_sort_smallest_klee.x86_64/query.1004,6,384,412
QF_BVFP/20170428-Liew-KLEE/imperial_gsl_benchmarks_sort_smallest_klee.x86_64/query.1029,6,384,412
QF_BVFP/20170428-Liew-KLEE/imperial_gsl_benchmarks_sort_smallest_klee.x86_64/query.1049,6,384,412
QF_BVFP/20170428-Liew-KLEE/imperial_gsl_benchmarks_sort_smallest_klee.x86_64/query.1103,6,384,409
QF_BVFP/20170428-Liew-KLEE/imperial_gsl_benchmarks_sort_smallest_klee.x86_64/query.1163,6,384,410
QF_BVFP/20170428-Liew-KLEE/imperial_gsl_benchmarks_sort_smallest_klee.x86_64/query.1172,6,384,407
QF_BVFP/20170428-Liew-KLEE/imperial_gsl_benchmarks_sort_smallest_klee.x86_64/query.1208,6,384,406
QF_BVFP/20170428-Liew-KLEE/imperial_gsl_benchmarks_sort_smallest_klee.x86_64/query.1237,6,384,407
QF_BVFP/20170428-Liew-KLEE/imperial_gsl_benchmarks_sort_smallest_klee.x86_64/query.1278,6,384,406
QF_BVFP/20170428-Liew-KLEE/imperial_gsl_benchmarks_sort_smallest_klee.x86_64/query.1444,6,384,404
QF_BVFP/20170428-Liew-KLEE/imperial_gsl_benchmarks_sort_smallest_klee.x86_64/query.1547,6,384,410
QF_BVFP/20170428-Liew-KLEE/imperial_gsl_benchmarks_sort_smallest_klee.x86_64/query.1559,6,384,413
QF_BVFP/20170428-Liew-KLEE/imperial_gsl_benchmarks_sort_smallest_klee.x86_64/query.1754,6,384,408
QF_BVFP/20170428-Liew-KLEE/imperial_gsl_benchmarks_sort_smallest_klee.x86_64/query.1913,6,384,413
QF_BVFP/20170428-Liew-KLEE/imperial_gsl_benchmarks_sort_smallest_klee.x86_64/query.1987,6,384,412
QF_BVFP/20170428-Liew-KLEE/imperial_gsl_benchmarks_sort_smallest_klee.x86_64/query.2078,6,384,408
QF_BVFP/20170428-Liew-KLEE/imperial_gsl_benchmarks_sort_smallest_klee.x86_64/query.2092,6,384,410
QF_BVFP/20170428-Liew-KLEE/imperial_gsl_benchmarks_sort_smallest_klee.x86_64/query.2186,6,384,413
QF_BVFP/20170428-Liew-KLEE/imperial_gsl_benchmarks_sort_smallest_klee.x86_64/query.2240,6,384,412
QF_BVFP/20170428-Liew-KLEE/imperial_gsl_benchmarks_sort_smallest_klee.x86_64/query.2271,6,384,412
QF_BVFP/20170428-Liew-KLEE/imperial_gsl_benchmarks_sort_smallest_klee.x86_64/query.2273,6,384,413
QF_BVFP/20170428-Liew-KLEE/imperial_gsl_benchmarks_sort_smallest_klee.x86_64/query.2356,6,384,407
QF_BVFP/20170428-Liew-KLEE/imperial_gsl_benchmarks_sort_smallest_klee.x86_64/query.2422,6,384,412
QF_BVFP/20170428-Liew-KLEE/imperial_gsl_benchmarks_sort_smallest_klee.x86_64/query.2557,6,384,412
QF_BVFP/20170428-Liew-KLEE/imperial_gsl_benchmarks_sort_smallest_klee.x86_64/query.2571,6,384,416
QF_BVFP/20170428-Liew-KLEE/imperial_gsl_benchmarks_sort_smallest_klee.x86_64/query.2590,6,384,414
QF_BVFP/20170428-Liew-KLEE/imperial_gsl_benchmarks_sort_smallest_klee_bug.x86_64/query.0023,5,320,336
QF_BVFP/20170428-Liew-KLEE/imperial_gsl_benchmarks_sort_smallest_klee_bug.x86_64/query.0384,6,384,410
QF_BVFP/20170428-Liew-KLEE/imperial_gsl_benchmarks_sort_smallest_klee_bug.x86_64/query.0436,6,384,411
QF_BVFP/20170428-Liew-KLEE/imperial_gsl_benchmarks_sort_smallest_klee_bug.x86_64/query.0456,6,384,408
QF_BVFP/20170428-Liew-KLEE/imperial_gsl_benchmarks_sort_smallest_klee_bug.x86_64/query.0504,6,384,411
QF_BVFP/20170428-Liew-KLEE/imperial_gsl_benchmarks_sort_smallest_klee_bug.x86_64/query.0516,6,384,408
QF_BVFP/20170428-Liew-KLEE/imperial_gsl_benchmarks_sort_smallest_klee_bug.x86_64/query.0624,6,384,411
QF_BVFP/20170428-Liew-KLEE/imperial_gsl_benchmarks_sort_smallest_klee_bug.x86_64/query.0685,6,384,413
QF_BVFP/20170428-Liew-KLEE/imperial_gsl_benchmarks_sort_smallest_klee_bug.x86_64/query.0913,6,384,411
QF_BVFP/20170428-Liew-KLEE/imperial_gsl_benchmarks_sort_smallest_klee_bug.x86_64/query.0928,6,384,415
QF_BVFP/20170428-Liew-KLEE/imperial_gsl_benchmarks_sort_smallest_klee_bug.x86_64/query.0930,6,384,413
QF_BVFP/20170428-Liew-KLEE/imperial_gsl_benchmarks_sort_smallest_klee_bug.x86_64/query.1133,6,384,411
QF_BVFP/20170428-Liew-KLEE/imperial_gsl_benchmarks_sort_smallest_klee_bug.x86_64/query.1137,6,384,412
QF_BVFP/20170428-Liew-KLEE/imperial_gsl_benchmarks_sort_smallest_klee_bug.x86_64/query.1196,6,384,412
QF_BVFP/20170428-Liew-KLEE/imperial_gsl_benchmarks_sort_smallest_klee_bug.x86_64/query.1234,6,384,416
QF_BVFP/20170428-Liew-KLEE/imperial_gsl_benchmarks_sort_smallest_klee_bug.x86_64/query.1255,6,384,412
QF_BVFP/20170428-Liew-KLEE/imperial_gsl_benchmarks_sort_smallest_klee_bug.x86_64/query.1266,6,384,414
QF_BVFP/20170428-Liew-KLEE/imperial_gsl_benchmarks_sort_smallest_klee_bug.x86_64/query.1371,6,384,409
QF_BVFP/20170428-Liew-KLEE/imperial_gsl_benchmarks_sort_smallest_klee_bug.x86_64/query.1374,6,384,416
QF_BVFP/20170428-Liew-KLEE/imperial_gsl_benchmarks_sort_smallest_klee_bug.x86_64/query.1432,6,384,416
QF_BVFP/20170428-Liew-KLEE/imperial_gsl_benchmarks_sort_smallest_klee_bug.x86_64/query.1491,6,384,407
QF_BVFP/20170428-Liew-KLEE/imperial_gsl_benchmarks_sort_smallest_klee_bug.x86_64/query.1523,6,384,413
QF_BVFP/20170428-Liew-KLEE/imperial_gsl_benchmarks_sort_smallest_klee_bug.x86_64/query.1610,6,384,411
QF_BVFP/20170428-Liew-KLEE/imperial_gsl_benchmarks_sort_smallest_klee_bug.x86_64/query.1622,6,384,411
QF_BVFP/20170428-Liew-KLEE/imperial_gsl_benchmarks_sort_smallest_klee_bug.x86_64/query.1625,6,384,414
QF_BVFP/20170428-Liew-KLEE/imperial_gsl_benchmarks_sort_smallest_klee_bug.x86_64/query.1692,6,384,410
QF_BVFP/20170428-Liew-KLEE/imperial_gsl_benchmarks_sort_smallest_klee_bug.x86_64/query.1766,6,384,408
QF_BVFP/20170428-Liew-KLEE/imperial_gsl_benchmarks_sort_smallest_klee_bug.x86_64/query.1900,6,384,414
QF_BVFP/20170428-Liew-KLEE/imperial_gsl_benchmarks_sort_smallest_klee_bug.x86_64/query.1906,6,384,415
QF_BVFP/20170428-Liew-KLEE/imperial_gsl_benchmarks_sort_smallest_klee_bug.x86_64/query.1907,6,384,413
QF_BVFP/20170428-Liew-KLEE/imperial_gsl_benchmarks_sort_smallest_klee_bug.x86_64/query.1960,6,384,414
QF_BVFP/20170428-Liew-KLEE/imperial_gsl_benchmarks_sort_smallest_klee_bug.x86_64/query.1975,6,384,415
QF_BVFP/20170428-Liew-KLEE/imperial_gsl_benchmarks_sort_smallest_klee_bug.x86_64/query.2063,6,384,415
QF_BVFP/20170428-Liew-KLEE/imperial_gsl_benchmarks_sort_smallest_klee_bug.x86_64/query.2065,6,384,411
QF_BVFP/20170428-Liew-KLEE/imperial_gsl_benchmarks_sort_smallest_klee_bug.x86_64/query.2077,6,384,415
QF_BVFP/20170428-Liew-KLEE/imperial_gsl_benchmarks_sort_smallest_klee_bug.x86_64/query.2108,6,384,415
QF_BVFP/20170428-Liew-KLEE/imperial_gsl_benchmarks_sort_smallest_klee_bug.x86_64/query.2165,6,384,415
QF_BVFP/20170428-Liew-KLEE/imperial_gsl_benchmarks_sort_smallest_klee_bug.x86_64/query.2167,6,384,415
QF_BVFP/20170428-Liew-KLEE/imperial_gsl_benchmarks_sort_smallest_klee_bug.x86_64/query.2189,6,384,418
QF_BVFP/20170428-Liew-KLEE/imperial_gsl_benchmarks_sort_smallest_klee_bug.x86_64/query.2200,6,384,416
QF_BVFP/20170428-Liew-KLEE/imperial_gsl_benchmarks_sort_smallest_klee_bug.x86_64/query.2202,6,384,421
QF_BVFP/20170428-Liew-KLEE/imperial_svcomp_float-benchs_svcomp_bary_diverge.x86_64/query.01,1,32,101
QF_BVFP/20170428-Liew-KLEE/imperial_svcomp_float-benchs_svcomp_bary_diverge.x86_64/query.07,1,32,101
QF_BVFP/20170428-Liew-KLEE/imperial_svcomp_float-benchs_svcomp_exp_loop.c.x86_64/query.053,1,32,808
QF_BVFP/20170428-Liew-KLEE/imperial_svcomp_float-benchs_svcomp_exp_loop.c.x86_64/query.077,1,32,989
QF_BVFP/20170428-Liew-KLEE/imperial_svcomp_float-benchs_svcomp_filter2_set.x86_64/query.01,1,64,197
QF_BVFP/20170428-Liew-KLEE/imperial_svcomp_float-benchs_svcomp_filter2_set.x86_64/query.17,1,64,195
QF_BVFP/20170428-Liew-KLEE/imperial_svcomp_float-benchs_svcomp_mea8000.x86_64/query.00100,1,64,131
QF_BVFP/20170428-Liew-KLEE/imperial_svcomp_float-benchs_svcomp_mea8000.x86_64/query.00104,1,64,131
QF_BVFP/20170428-Liew-KLEE/imperial_svcomp_float-benchs_svcomp_mea8000.x86_64/query.00116,1,64,131
QF_BVFP/20170428-Liew-KLEE/imperial_svcomp_float-benchs_svcomp_mea8000.x86_64/query.00128,1,64,131
QF_BVFP/20170428-Liew-KLEE/imperial_svcomp_float-benchs_svcomp_mea8000.x86_64/query.00195,1,64,197
QF_BVFP/20170428-Liew-KLEE/imperial_svcomp_float-benchs_svcomp_mea8000.x86_64/query.00213,1,64,197
QF_BVFP/20170428-Liew-KLEE/imperial_svcomp_float-benchs_svcomp_mea8000.x86_64/query.00220,1,64,131
QF_BVFP/20170428-Liew-KLEE/imperial_svcomp_float-benchs_svcomp_mea8000.x86_64/query.00221,1,64,131
QF_BVFP/20170428-Liew-KLEE/imperial_svcomp_float-benchs_svcomp_mea8000.x86_64/query.00234,1,64,197
QF_BVFP/20170428-Liew-KLEE/imperial_svcomp_float-benchs_svcomp_mea8000.x86_64/query.00242,1,64,131
QF_BVFP/20170428-Liew-KLEE/imperial_svcomp_float-benchs_svcomp_mea8000.x86_64/query.00350,1,64,131
QF_BVFP/20170428-Liew-KLEE/imperial_svcomp_float-benchs_svcomp_mea8000.x86_64/query.00365,1,64,131
QF_BVFP/20170428-Liew-KLEE/imperial_svcomp_float-benchs_svcomp_mea8000.x86_64/query.00378,1,64,197
QF_BVFP/20170428-Liew-KLEE/imperial_svcomp_float-benchs_svcomp_mea8000.x86_64/query.00443,1,64,131
QF_BVFP/20170428-Liew-KLEE/imperial_svcomp_float-benchs_svcomp_mea8000.x86_64/query.00454,1,64,131
QF_BVFP/20170428-Liew-KLEE/imperial_svcomp_float-benchs_svcomp_mea8000.x86_64/query.00462,1,64,197
QF_BVFP/20170428-Liew-KLEE/imperial_svcomp_float-benchs_svcomp_mea8000.x86_64/query.00522,1,64,197
QF_BVFP/20170428-Liew-KLEE/imperial_svcomp_float-benchs_svcomp_mea8000.x86_64/query.00554,1,64,131
QF_BVFP/20170428-Liew-KLEE/imperial_svcomp_float-benchs_svcomp_mea8000.x86_64/query.00574,1,64,131
QF_BVFP/20170428-Liew-KLEE/imperial_svcomp_float-benchs_svcomp_mea8000.x86_64/query.00607,1,64,131
QF_BVFP/20170428-Liew-KLEE/imperial_svcomp_float-benchs_svcomp_mea8000.x86_64/query.00610,1,64,131
QF_BVFP/20170428-Liew-KLEE/imperial_svcomp_float-benchs_svcomp_mea8000.x86_64/query.00628,1,64,131
QF_BVFP/20170428-Liew-KLEE/imperial_svcomp_float-benchs_svcomp_mea8000.x86_64/query.00635,1,64,131
QF_BVFP/20170428-Liew-KLEE/imperial_svcomp_float-benchs_svcomp_mea8000.x86_64/query.00653,1,64,131
QF_BVFP/20170428-Liew-KLEE/imperial_svcomp_float-benchs_svcomp_mea8000.x86_64/query.00672,1,64,197
QF_BVFP/20170428-Liew-KLEE/imperial_svcomp_float-benchs_svcomp_mea8000.x86_64/query.00682,1,64,131
QF_BVFP/20170428-Liew-KLEE/imperial_svcomp_float-benchs_svcomp_mea8000.x86_64/query.00692,1,64,131
QF_BVFP/20170428-Liew-KLEE/imperial_svcomp_float-benchs_svcomp_mea8000.x86_64/query.00726,1,64,197
QF_BVFP/20170428-Liew-KLEE/imperial_svcomp_float-benchs_svcomp_mea8000.x86_64/query.00739,1,64,131
QF_BVFP/20170428-Liew-KLEE/imperial_svcomp_float-benchs_svcomp_mea8000.x86_64/query.00768,1,64,197
QF_BVFP/20170428-Liew-KLEE/imperial_svcomp_float-benchs_svcomp_mea8000.x86_64/query.00880,1,64,131
QF_BVFP/20170428-Liew-KLEE/imperial_svcomp_float-benchs_svcomp_mea8000.x86_64/query.00881,1,64,131
QF_BVFP/20170428-Liew-KLEE/imperial_svcomp_float-benchs_svcomp_mea8000.x86_64/query.00895,1,64,131
QF_BVFP/20170428-Liew-KLEE/imperial_svcomp_float-benchs_svcomp_mea8000.x86_64/query.00897,1,64,197
QF_BVFP/20170428-Liew-KLEE/imperial_svcomp_float-benchs_svcomp_mea8000.x86_64/query.00922,1,64,131
QF_BVFP/20170428-Liew-KLEE/imperial_svcomp_float-benchs_svcomp_mea8000.x86_64/query.00924,1,64,197
QF_BVFP/20170428-Liew-KLEE/imperial_svcomp_float-benchs_svcomp_mea8000.x86_64/query.00939,1,64,197
QF_BVFP/20170428-Liew-KLEE/imperial_svcomp_float-benchs_svcomp_mea8000.x86_64/query.00954,1,64,197
QF_BVFP/20170428-Liew-KLEE/imperial_svcomp_float-benchs_svcomp_mea8000.x86_64/query.00989,1,64,131
QF_BVFP/20170428-Liew-KLEE/imperial_svcomp_float-benchs_svcomp_mea8000.x86_64/query.00991,1,64,131
QF_BVFP/20170428-Liew-KLEE/imperial_svcomp_float-benchs_svcomp_mea8000.x86_64/query.01090,1,64,131
QF_BVFP/20170428-Liew-KLEE/imperial_svcomp_float-benchs_svcomp_mea8000.x86_64/query.01116,1,64,197
QF_BVFP/20170428-Liew-KLEE/imperial_svcomp_float-benchs_svcomp_mea8000.x86_64/query.01169,1,64,131
QF_BVFP/20170428-Liew-KLEE/imperial_svcomp_float-benchs_svcomp_mea8000.x86_64/query.01170,1,64,197
QF_BVFP/20170428-Liew-KLEE/imperial_svcomp_float-benchs_svcomp_mea8000.x86_64/query.01176,1,64,197
QF_BVFP/20170428-Liew-KLEE/imperial_svcomp_float-benchs_svcomp_mea8000.x86_64/query.01192,1,64,131
QF_BVFP/20170428-Liew-KLEE/imperial_svcomp_float-benchs_svcomp_mea8000.x86_64/query.01267,1,64,131
QF_BVFP/20170428-Liew-KLEE/imperial_svcomp_float-benchs_svcomp_mea8000.x86_64/query.01291,1,64,131
QF_BVFP/20170428-Liew-KLEE/imperial_svcomp_float-benchs_svcomp_mea8000.x86_64/query.01333,1,64,131
QF_BVFP/20170428-Liew-KLEE/imperial_svcomp_float-benchs_svcomp_mea8000.x86_64/query.01372,1,64,131
QF_BVFP/20170428-Liew-KLEE/imperial_svcomp_float-benchs_svcomp_mea8000.x86_64/query.01394,1,64,131
QF_BVFP/20170428-Liew-KLEE/imperial_svcomp_float-benchs_svcomp_mea8000.x86_64/query.01402,1,64,131
QF_BVFP/20170428-Liew-KLEE/imperial_svcomp_float-benchs_svcomp_mea8000.x86_64/query.01426,1,64,131
QF_BVFP/20170428-Liew-KLEE/imperial_svcomp_float-benchs_svcomp_mea8000.x86_64/query.01433,1,64,131
QF_BVFP/20170428-Liew-KLEE/imperial_svcomp_float-benchs_svcomp_mea8000.x86_64/query.01439,1,64,131
QF_BVFP/20170428-Liew-KLEE/imperial_svcomp_float-benchs_svcomp_mea8000.x86_64/query.01458,1,64,197
QF_BVFP/20170428-Liew-KLEE/imperial_svcomp_float-benchs_svcomp_mea8000.x86_64/query.01464,1,64,197
QF_BVFP/20170428-Liew-KLEE/imperial_svcomp_float-benchs_svcomp_mea8000.x86_64/query.01522,1,64,131
QF_BVFP/20170428-Liew-KLEE/imperial_svcomp_float-benchs_svcomp_mea8000.x86_64/query.01614,1,64,197
QF_BVFP/20170428-Liew-KLEE/imperial_svcomp_float-benchs_svcomp_mea8000.x86_64/query.01628,1,64,131
QF_BVFP/20170428-Liew-KLEE/imperial_svcomp_float-benchs_svcomp_mea8000.x86_64/query.01651,1,64,131
QF_BVFP/20170428-Liew-KLEE/imperial_svcomp_float-benchs_svcomp_mea8000.x86_64/query.01652,1,64,131
QF_BVFP/20170428-Liew-KLEE/imperial_svcomp_float-benchs_svcomp_mea8000.x86_64/query.01686,1,64,197
QF_BVFP/20170428-Liew-KLEE/imperial_svcomp_float-benchs_svcomp_mea8000.x86_64/query.01721,1,64,131
QF_BVFP/20170428-Liew-KLEE/imperial_svcomp_float-benchs_svcomp_mea8000.x86_64/query.01725,1,64,197
QF_BVFP/20170428-Liew-KLEE/imperial_svcomp_float-benchs_svcomp_mea8000.x86_64/query.01741,1,64,131
QF_BVFP/20170428-Liew-KLEE/imperial_svcomp_float-benchs_svcomp_mea8000.x86_64/query.01744,1,64,131
QF_BVFP/20170428-Liew-KLEE/imperial_svcomp_float-benchs_svcomp_mea8000.x86_64/query.01745,1,64,131
QF_BVFP/20170428-Liew-KLEE/imperial_svcomp_float-benchs_svcomp_mea8000.x86_64/query.01756,1,64,131
QF_BVFP/20170428-Liew-KLEE/imperial_svcomp_float-benchs_svcomp_mea8000.x86_64/query.01803,1,64,197
QF_BVFP/20170428-Liew-KLEE/imperial_svcomp_float-benchs_svcomp_mea8000.x86_64/query.01830,1,64,197
QF_BVFP/20170428-Liew-KLEE/imperial_svcomp_float-benchs_svcomp_mea8000.x86_64/query.01833,1,64,197
QF_BVFP/20170428-Liew-KLEE/imperial_svcomp_float-benchs_svcomp_mea8000.x86_64/query.01850,1,64,131
QF_BVFP/20170428-Liew-KLEE/imperial_svcomp_float-benchs_svcomp_mea8000.x86_64/query.01914,1,64,197
QF_BVFP/20170428-Liew-KLEE/imperial_svcomp_float-benchs_svcomp_mea8000.x86_64/query.01937,1,64,131
QF_BVFP/20170428-Liew-KLEE/imperial_svcomp_float-benchs_svcomp_mea8000.x86_64/query.01983,1,64,197
QF_BVFP/20170428-Liew-KLEE/imperial_svcomp_float-benchs_svcomp_mea8000.x86_64/query.02046,1,64,197
QF_BVFP/20170428-Liew-KLEE/imperial_svcomp_float-benchs_svcomp_mea8000.x86_64/query.02061,1,64,197
QF_BVFP/20170428-Liew-KLEE/imperial_svcomp_float-benchs_svcomp_mea8000.x86_64/query.02074,1,64,131
QF_BVFP/20170428-Liew-KLEE/imperial_svcomp_float-benchs_svcomp_mea8000.x86_64/query.02092,1,64,131
QF_BVFP/20170428-Liew-KLEE/imperial_svcomp_float-benchs_svcomp_mea8000.x86_64/query.02103,1,64,197
QF_BVFP/20170428-Liew-KLEE/imperial_svcomp_float-benchs_svcomp_mea8000.x86_64/query.02146,1,64,131
QF_BVFP/20170428-Liew-KLEE/imperial_svcomp_float-benchs_svcomp_mea8000.x86_64/query.02150,1,64,131
QF_BVFP/20170428-Liew-KLEE/imperial_svcomp_float-benchs_svcomp_mea8000.x86_64/query.02231,1,64,131
QF_BVFP/20170428-Liew-KLEE/imperial_svcomp_float-benchs_svcomp_mea8000.x86_64/query.02273,1,64,131
QF_BVFP/20170428-Liew-KLEE/imperial_svcomp_float-benchs_svcomp_mea8000.x86_64/query.02282,1,64,131
QF_BVFP/20170428-Liew-KLEE/imperial_svcomp_float-benchs_svcomp_mea8000.x86_64/query.02288,1,64,131
QF_BVFP/20170428-Liew-KLEE/imperial_svcomp_float-benchs_svcomp_mea8000.x86_64/query.02307,1,64,197
QF_BVFP/20170428-Liew-KLEE/imperial_svcomp_float-benchs_svcomp_mea8000.x86_64/query.02310,1,64,197
QF_BVFP/20170428-Liew-KLEE/imperial_svcomp_float-benchs_svcomp_mea8000.x86_64/query.02324,1,64,131
QF_BVFP/20170428-Liew-KLEE/imperial_svcomp_float-benchs_svcomp_mea8000.x86_64/query.02345,1,64,131
QF_BVFP/20170428-Liew-KLEE/imperial_svcomp_float-benchs_svcomp_mea8000.x86_64/query.02351,1,64,131
QF_BVFP/20170428-Liew-KLEE/imperial_svcomp_float-benchs_svcomp_mea8000.x86_64/query.02354,1,64,131
QF_BVFP/20170428-Liew-KLEE/imperial_svcomp_float-benchs_svcomp_mea8000.x86_64/query.02375,1,64,131
QF_BVFP/20170428-Liew-KLEE/imperial_svcomp_float-benchs_svcomp_mea8000.x86_64/query.02379,1,64,197
QF_BVFP/20170428-Liew-KLEE/imperial_svcomp_float-benchs_svcomp_mea8000.x86_64/query.02421,1,64,197
QF_BVFP/20170428-Liew-KLEE/imperial_svcomp_float-benchs_svcomp_mea8000.x86_64/query.02439,1,64,197
QF_BVFP/20170428-Liew-KLEE/imperial_svcomp_float-benchs_svcomp_mea8000.x86_64/query.02440,1,64,131
QF_BVFP/20170428-Liew-KLEE/imperial_svcomp_float-benchs_svcomp_mea8000.x86_64/query.02451,1,64,197
QF_BVFP/20170428-Liew-KLEE/imperial_svcomp_float-benchs_svcomp_mea8000.x86_64/query.02459,1,64,131
QF_BVFP/20170428-Liew-KLEE/imperial_svcomp_float-benchs_svcomp_mea8000.x86_64/query.02467,1,64,131
QF_BVFP/20170428-Liew-KLEE/imperial_svcomp_float-benchs_svcomp_mea8000.x86_64/query.02471,1,64,131
QF_BVFP/20170428-Liew-KLEE/imperial_svcomp_float-benchs_svcomp_mea8000.x86_64/query.02477,1,64,131
QF_BVFP/20170428-Liew-KLEE/imperial_svcomp_float-benchs_svcomp_mea8000.x86_64/query.02486,1,64,131
QF_BVFP/20170428-Liew-KLEE/imperial_svcomp_float-benchs_svcomp_mea8000.x86_64/query.02573,1,64,131
QF_BVFP/20170428-Liew-KLEE/imperial_svcomp_float-benchs_svcomp_mea8000.x86_64/query.02598,1,64,197
QF_BVFP/20170428-Liew-KLEE/imperial_svcomp_float-benchs_svcomp_mea8000.x86_64/query.02657,1,64,131
QF_BVFP/20170428-Liew-KLEE/imperial_svcomp_float-benchs_svcomp_mea8000.x86_64/query.02689,1,64,131
QF_BVFP/20170428-Liew-KLEE/imperial_svcomp_float-benchs_svcomp_mea8000.x86_64/query.02703,1,64,197
QF_BVFP/20170428-Liew-KLEE/imperial_svcomp_float-benchs_svcomp_mea8000.x86_64/query.02718,1,64,197
QF_BVFP/20170428-Liew-KLEE/imperial_svcomp_float-benchs_svcomp_mea8000.x86_64/query.02722,1,64,131
QF_BVFP/20170428-Liew-KLEE/imperial_svcomp_float-benchs_svcomp_mea8000.x86_64/query.02747,1,64,131
QF_BVFP/20170428-Liew-KLEE/imperial_svcomp_float-benchs_svcomp_mea8000.x86_64/query.02752,1,64,131
QF_BVFP/20170428-Liew-KLEE/imperial_svcomp_float-benchs_svcomp_mea8000.x86_64/query.02863,1,64,131
QF_BVFP/20170428-Liew-KLEE/imperial_svcomp_float-benchs_svcomp_mea8000.x86_64/query.02865,1,64,197
QF_BVFP/20170428-Liew-KLEE/imperial_svcomp_float-benchs_svcomp_mea8000.x86_64/query.02891,1,64,131
QF_BVFP/20170428-Liew-KLEE/imperial_svcomp_float-benchs_svcomp_mea8000.x86_64/query.02911,1,64,131
QF_BVFP/20170428-Liew-KLEE/imperial_svcomp_float-benchs_svcomp_mea8000.x86_64/query.02955,1,64,197
QF_BVFP/20170428-Liew-KLEE/imperial_svcomp_float-benchs_svcomp_mea8000.x86_64/query.02986,1,64,131
QF_BVFP/20170428-Liew-KLEE/imperial_svcomp_float-benchs_svcomp_mea8000.x86_64/query.02992,1,64,131
QF_BVFP/20170428-Liew-KLEE/imperial_svcomp_float-benchs_svcomp_mea8000.x86_64/query.02996,1,64,131
QF_BVFP/20170428-Liew-KLEE/imperial_svcomp_float-benchs_svcomp_mea8000.x86_64/query.03010,1,64,131
QF_BVFP/20170428-Liew-KLEE/imperial_svcomp_float-benchs_svcomp_mea8000.x86_64/query.03011,1,64,131
QF_BVFP/20170428-Liew-KLEE/imperial_svcomp_float-benchs_svcomp_mea8000.x86_64/query.03017,1,64,131
QF_BVFP/20170428-Liew-KLEE/imperial_svcomp_float-benchs_svcomp_mea8000.x86_64/query.03034,1,64,131
QF_BVFP/20170428-Liew-KLEE/imperial_svcomp_float-benchs_svcomp_mea8000.x86_64/query.03041,1,64,131
QF_BVFP/20170428-Liew-KLEE/imperial_svcomp_float-benchs_svcomp_mea8000.x86_64/query.03058,1,64,131
QF_BVFP/20170428-Liew-KLEE/imperial_svcomp_float-benchs_svcomp_mea8000.x86_64/query.03116,1,64,131
QF_BVFP/20170428-Liew-KLEE/imperial_svcomp_float-benchs_svcomp_mea8000.x86_64/query.03131,1,64,131
QF_BVFP/20170428-Liew-KLEE/imperial_svcomp_float-benchs_svcomp_mea8000.x86_64/query.03133,1,64,131
QF_BVFP/20170428-Liew-KLEE/imperial_svcomp_float-benchs_svcomp_mea8000.x86_64/query.03151,1,64,131
QF_BVFP/20170428-Liew-KLEE/imperial_svcomp_float-benchs_svcomp_mea8000.x86_64/query.03214,1,64,131
QF_BVFP/20170428-Liew-KLEE/imperial_svcomp_float-benchs_svcomp_mea8000.x86_64/query.03215,1,64,131
QF_BVFP/20170428-Liew-KLEE/imperial_svcomp_float-benchs_svcomp_mea8000.x86_64/query.03217,1,64,131
QF_BVFP/20170428-Liew-KLEE/imperial_svcomp_float-benchs_svcomp_mea8000.x86_64/query.03221,1,64,131
QF_BVFP/20170428-Liew-KLEE/imperial_svcomp_float-benchs_svcomp_mea8000.x86_64/query.03234,1,64,197
QF_BVFP/20170428-Liew-KLEE/imperial_svcomp_float-benchs_svcomp_mea8000.x86_64/query.03247,1,64,131
QF_BVFP/20170428-Liew-KLEE/imperial_svcomp_float-benchs_svcomp_mea8000.x86_64/query.03251,1,64,131
QF_BVFP/20170428-Liew-KLEE/imperial_svcomp_float-benchs_svcomp_mea8000.x86_64/query.03268,1,64,131
QF_BVFP/20170428-Liew-KLEE/imperial_svcomp_float-benchs_svcomp_mea8000.x86_64/query.03294,1,64,197
QF_BVFP/20170428-Liew-KLEE/imperial_svcomp_float-benchs_svcomp_mea8000.x86_64/query.03361,1,64,131
QF_BVFP/20170428-Liew-KLEE/imperial_svcomp_float-benchs_svcomp_mea8000.x86_64/query.03367,1,64,131
QF_BVFP/20170428-Liew-KLEE/imperial_svcomp_float-benchs_svcomp_mea8000.x86_64/query.03369,1,64,197
QF_BVFP/20170428-Liew-KLEE/imperial_svcomp_float-benchs_svcomp_mea8000.x86_64/query.03383,1,64,131
QF_BVFP/20170428-Liew-KLEE/imperial_svcomp_float-benchs_svcomp_mea8000.x86_64/query.03389,1,64,131
QF_BVFP/20170428-Liew-KLEE/imperial_svcomp_float-benchs_svcomp_mea8000.x86_64/query.03391,1,64,131
QF_BVFP/20170428-Liew-KLEE/imperial_svcomp_float-benchs_svcomp_mea8000.x86_64/query.03392,1,64,131
QF_BVFP/20170428-Liew-KLEE/imperial_svcomp_float-benchs_svcomp_mea8000.x86_64/query.03406,1,64,131
QF_BVFP/20170428-Liew-KLEE/imperial_svcomp_float-benchs_svcomp_mea8000.x86_64/query.03432,1,64,197
QF_BVFP/20170428-Liew-KLEE/imperial_svcomp_float-benchs_svcomp_mea8000.x86_64/query.03435,1,64,197
QF_BVFP/20170428-Liew-KLEE/imperial_svcomp_float-benchs_svcomp_mea8000.x86_64/query.03442,1,64,131
QF_BVFP/20170428-Liew-KLEE/imperial_svcomp_float-benchs_svcomp_mea8000.x86_64/query.03454,1,64,131
QF_BVFP/20170428-Liew-KLEE/imperial_svcomp_float-benchs_svcomp_mea8000.x86_64/query.03459,1,64,197
QF_BVFP/20170428-Liew-KLEE/imperial_svcomp_float-benchs_svcomp_mea8000.x86_64/query.03497,1,64,131
QF_BVFP/20170428-Liew-KLEE/imperial_svcomp_float-benchs_svcomp_mea8000.x86_64/query.03543,1,64,197
QF_BVFP/20170428-Liew-KLEE/imperial_svcomp_float-benchs_svcomp_mea8000.x86_64/query.03553,1,64,131
QF_BVFP/20170428-Liew-KLEE/imperial_svcomp_float-benchs_svcomp_mea8000.x86_64/query.03566,1,64,131
QF_BVFP/20170428-Liew-KLEE/imperial_svcomp_float-benchs_svcomp_mea8000.x86_64/query.03570,1,64,197
QF_BVFP/20170428-Liew-KLEE/imperial_svcomp_float-benchs_svcomp_mea8000.x86_64/query.03600,1,64,197
QF_BVFP/20170428-Liew-KLEE/imperial_svcomp_float-benchs_svcomp_mea8000.x86_64/query.03615,1,64,197
QF_BVFP/20170428-Liew-KLEE/imperial_svcomp_float-benchs_svcomp_mea8000.x86_64/query.03623,1,64,131
QF_BVFP/20170428-Liew-KLEE/imperial_svcomp_float-benchs_svcomp_mea8000.x86_64/query.03625,1,64,131
QF_BVFP/20170428-Liew-KLEE/imperial_svcomp_float-benchs_svcomp_mea8000.x86_64/query.03654,1,64,197
QF_BVFP/20170428-Liew-KLEE/imperial_svcomp_float-benchs_svcomp_mea8000.x86_64/query.03668,1,64,131
QF_BVFP/20170428-Liew-KLEE/imperial_svcomp_float-benchs_svcomp_mea8000.x86_64/query.03718,1,64,131
QF_BVFP/20170428-Liew-KLEE/imperial_svcomp_float-benchs_svcomp_mea8000.x86_64/query.03734,1,64,131
QF_BVFP/20170428-Liew-KLEE/imperial_svcomp_float-benchs_svcomp_mea8000.x86_64/query.03827,1,64,131
QF_BVFP/20170428-Liew-KLEE/imperial_svcomp_float-benchs_svcomp_mea8000.x86_64/query.03839,1,64,131
QF_BVFP/20170428-Liew-KLEE/imperial_svcomp_float-benchs_svcomp_mea8000.x86_64/query.03870,1,64,197
QF_BVFP/20170428-Liew-KLEE/imperial_svcomp_float-benchs_svcomp_mea8000.x86_64/query.03880,1,64,131
QF_BVFP/20170428-Liew-KLEE/imperial_svcomp_float-benchs_svcomp_mea8000.x86_64/query.03883,1,64,131
QF_BVFP/20170428-Liew-KLEE/imperial_svcomp_float-benchs_svcomp_mea8000.x86_64/query.03886,1,64,131
QF_BVFP/20170428-Liew-KLEE/imperial_svcomp_float-benchs_svcomp_mea8000.x86_64/query.03894,1,64,197
QF_BVFP/20170428-Liew-KLEE/imperial_svcomp_float-benchs_svcomp_mea8000.x86_64/query.03901,1,64,131
QF_BVFP/20170428-Liew-KLEE/imperial_svcomp_float-benchs_svcomp_mea8000.x86_64/query.03910,1,64,131
QF_BVFP/20170428-Liew-KLEE/imperial_svcomp_float-benchs_svcomp_mea8000.x86_64/query.03911,1,64,131
QF_BVFP/20170428-Liew-KLEE/imperial_svcomp_float-benchs_svcomp_mea8000.x86_64/query.03921,1,64,197
QF_BVFP/20170428-Liew-KLEE/imperial_svcomp_float-benchs_svcomp_mea8000.x86_64/query.03956,1,64,131
QF_BVFP/20170428-Liew-KLEE/imperial_svcomp_float-benchs_svcomp_mea8000.x86_64/query.03962,1,64,131
QF_BVFP/20170428-Liew-KLEE/imperial_svcomp_float-benchs_svcomp_mea8000.x86_64/query.03976,1,64,131
QF_BVFP/20170428-Liew-KLEE/imperial_svcomp_float-benchs_svcomp_mea8000.x86_64/query.03987,1,64,197
QF_BVFP/20170428-Liew-KLEE/imperial_svcomp_float-benchs_svcomp_mea8000.x86_64/query.03990,1,64,197
QF_BVFP/20170428-Liew-KLEE/imperial_svcomp_float-benchs_svcomp_mea8000.x86_64/query.04020,1,64,197
QF_BVFP/20170428-Liew-KLEE/imperial_svcomp_float-benchs_svcomp_mea8000.x86_64/query.04021,1,64,131
QF_BVFP/20170428-Liew-KLEE/imperial_svcomp_float-benchs_svcomp_mea8000.x86_64/query.04062,1,64,197
QF_BVFP/20170428-Liew-KLEE/imperial_svcomp_float-benchs_svcomp_mea8000.x86_64/query.04067,1,64,131
QF_BVFP/20170428-Liew-KLEE/imperial_svcomp_float-benchs_svcomp_mea8000.x86_64/query.04086,1,64,197
QF_BVFP/20170428-Liew-KLEE/imperial_svcomp_float-benchs_svcomp_mea8000.x86_64/query.04100,1,64,131
QF_BVFP/20170428-Liew-KLEE/imperial_svcomp_float-benchs_svcomp_mea8000.x86_64/query.04104,1,64,197
QF_BVFP/20170428-Liew-KLEE/imperial_svcomp_float-benchs_svcomp_mea8000.x86_64/query.04108,1,64,131
QF_BVFP/20170428-Liew-KLEE/imperial_svcomp_float-benchs_svcomp_mea8000.x86_64/query.04110,1,64,197
QF_BVFP/20170428-Liew-KLEE/imperial_svcomp_float-benchs_svcomp_mea8000.x86_64/query.04175,1,64,131
QF_BVFP/20170428-Liew-KLEE/imperial_svcomp_float-benchs_svcomp_mea8000.x86_64/query.04252,1,64,131
QF_BVFP/20170428-Liew-KLEE/imperial_svcomp_float-benchs_svcomp_mea8000.x86_64/query.04280,1,64,131
QF_BVFP/20170428-Liew-KLEE/imperial_svcomp_float-benchs_svcomp_mea8000.x86_64/query.04291,1,64,131
QF_BVFP/20170428-Liew-KLEE/imperial_svcomp_float-benchs_svcomp_mea8000.x86_64/query.04311,1,64,197
QF_BVFP/20170428-Liew-KLEE/imperial_svcomp_float-benchs_svcomp_mea8000.x86_64/query.04317,1,64,197
QF_BVFP/20170428-Liew-KLEE/imperial_svcomp_float-benchs_svcomp_mea8000.x86_64/query.04329,1,64,197
QF_BVFP/20170428-Liew-KLEE/imperial_svcomp_float-benchs_svcomp_mea8000.x86_64/query.04335,1,64,197
QF_BVFP/20170428-Liew-KLEE/imperial_svcomp_float-benchs_svcomp_mea8000.x86_64/query.04344,1,64,197
QF_BVFP/20170428-Liew-KLEE/imperial_svcomp_float-benchs_svcomp_mea8000.x86_64/query.04369,1,64,131
QF_BVFP/20170428-Liew-KLEE/imperial_svcomp_float-benchs_svcomp_mea8000.x86_64/query.04391,1,64,131
QF_BVFP/20170428-Liew-KLEE/imperial_svcomp_float-benchs_svcomp_mea8000.x86_64/query.04445,1,64,131
QF_BVFP/20170428-Liew-KLEE/imperial_svcomp_float-benchs_svcomp_mea8000.x86_64/query.04464,1,64,197
QF_BVFP/20170428-Liew-KLEE/imperial_svcomp_float-benchs_svcomp_mea8000.x86_64/query.04519,1,64,131
QF_BVFP/20170428-Liew-KLEE/imperial_svcomp_float-benchs_svcomp_mea8000.x86_64/query.04529,1,64,131
QF_BVFP/20170428-Liew-KLEE/imperial_svcomp_float-benchs_svcomp_mea8000.x86_64/query.04539,1,64,197
QF_BVFP/20170428-Liew-KLEE/imperial_svcomp_float-benchs_svcomp_mea8000.x86_64/query.04596,1,64,197
QF_BVFP/20170428-Liew-KLEE/imperial_svcomp_float-benchs_svcomp_mea8000.x86_64/query.04607,1,64,131
QF_BVFP/20170428-Liew-KLEE/imperial_svcomp_float-benchs_svcomp_mea8000.x86_64/query.04621,1,64,131
QF_BVFP/20170428-Liew-KLEE/imperial_svcomp_float-benchs_svcomp_mea8000.x86_64/query.04639,1,64,131
QF_BVFP/20170428-Liew-KLEE/imperial_svcomp_float-benchs_svcomp_mea8000.x86_64/query.04647,1,64,197
QF_BVFP/20170428-Liew-KLEE/imperial_svcomp_float-benchs_svcomp_mea8000.x86_64/query.04655,1,64,131
QF_BVFP/20170428-Liew-KLEE/imperial_svcomp_float-benchs_svcomp_mea8000.x86_64/query.04675,1,64,131
QF_BVFP/20170428-Liew-KLEE/imperial_svcomp_float-benchs_svcomp_mea8000.x86_64/query.04711,1,64,131
QF_BVFP/20170428-Liew-KLEE/imperial_svcomp_float-benchs_svcomp_mea8000.x86_64/query.04744,1,64,131
QF_BVFP/20170428-Liew-KLEE/imperial_svcomp_float-benchs_svcomp_mea8000.x86_64/query.04803,1,64,197
QF_BVFP/20170428-Liew-KLEE/imperial_svcomp_float-benchs_svcomp_mea8000.x86_64/query.04806,1,64,197
QF_BVFP/20170428-Liew-KLEE/imperial_svcomp_float-benchs_svcomp_mea8000.x86_64/query.04813,1,64,131
QF_BVFP/20170428-Liew-KLEE/imperial_svcomp_float-benchs_svcomp_mea8000.x86_64/query.04825,1,64,131
QF_BVFP/20170428-Liew-KLEE/imperial_svcomp_float-benchs_svcomp_mea8000.x86_64/query.04838,1,64,131
QF_BVFP/20170428-Liew-KLEE/imperial_svcomp_float-benchs_svcomp_mea8000.x86_64/query.04839,1,64,197
QF_BVFP/20170428-Liew-KLEE/imperial_svcomp_float-benchs_svcomp_mea8000.x86_64/query.04865,1,64,131
QF_BVFP/20170428-Liew-KLEE/imperial_svcomp_float-benchs_svcomp_mea8000.x86_64/query.04868,1,64,131
QF_BVFP/20170428-Liew-KLEE/imperial_svcomp_float-benchs_svcomp_mea8000.x86_64/query.04874,1,64,131
QF_BVFP/20170428-Liew-KLEE/imperial_svcomp_float-benchs_svcomp_mea8000.x86_64/query.04883,1,64,131
QF_BVFP/20170428-Liew-KLEE/imperial_svcomp_float-benchs_svcomp_mea8000.x86_64/query.04887,1,64,197
QF_BVFP/20170428-Liew-KLEE/imperial_svcomp_float-benchs_svcomp_mea8000.x86_64/query.04894,1,64,131
QF_BVFP/20170428-Liew-KLEE/imperial_svcomp_float-benchs_svcomp_mea8000.x86_64/query.04945,1,64,131
QF_BVFP/20170428-Liew-KLEE/imperial_svcomp_float-benchs_svcomp_mea8000.x86_64/query.04997,1,64,131
QF_BVFP/20170428-Liew-KLEE/imperial_svcomp_float-benchs_svcomp_mea8000.x86_64/query.05008,1,64,131
QF_BVFP/20170428-Liew-KLEE/imperial_svcomp_float-benchs_svcomp_mea8000.x86_64/query.05019,1,64,197
QF_BVFP/20170428-Liew-KLEE/imperial_svcomp_float-benchs_svcomp_mea8000.x86_64/query.05049,1,64,197
QF_BVFP/20170428-Liew-KLEE/imperial_svcomp_float-benchs_svcomp_mea8000.x86_64/query.05051,1,64,131
QF_BVFP/20170428-Liew-KLEE/imperial_svcomp_float-benchs_svcomp_mea8000.x86_64/query.05127,1,64,197
QF_BVFP/20170428-Liew-KLEE/imperial_svcomp_float-benchs_svcomp_mea8000.x86_64/query.05160,1,64,197
QF_BVFP/20170428-Liew-KLEE/imperial_svcomp_float-benchs_svcomp_mea8000.x86_64/query.05274,1,64,197
QF_BVFP/20170428-Liew-KLEE/imperial_svcomp_float-benchs_svcomp_mea8000.x86_64/query.05297,1,64,131
QF_BVFP/20170428-Liew-KLEE/imperial_svcomp_float-benchs_svcomp_mea8000.x86_64/query.05299,1,64,131
QF_BVFP/20170428-Liew-KLEE/imperial_svcomp_float-benchs_svcomp_mea8000.x86_64/query.05327,1,64,131
QF_BVFP/20170428-Liew-KLEE/imperial_svcomp_float-benchs_svcomp_mea8000.x86_64/query.05361,1,64,197
QF_BVFP/20170428-Liew-KLEE/imperial_svcomp_float-benchs_svcomp_mea8000.x86_64/query.05381,1,64,131
QF_BVFP/20170428-Liew-KLEE/imperial_svcomp_float-benchs_svcomp_mea8000.x86_64/query.05440,1,64,131
QF_BVFP/20170428-Liew-KLEE/imperial_svcomp_float-benchs_svcomp_mea8000.x86_64/query.05508,1,64,197
QF_BVFP/20170428-Liew-KLEE/imperial_svcomp_float-benchs_svcomp_mea8000.x86_64/query.05527,1,64,131
QF_BVFP/20170428-Liew-KLEE/imperial_svcomp_float-benchs_svcomp_mea8000.x86_64/query.05612,1,64,131
QF_BVFP/20170428-Liew-KLEE/imperial_svcomp_float-benchs_svcomp_mea8000.x86_64/query.05623,1,64,131
QF_BVFP/20170428-Liew-KLEE/imperial_svcomp_float-benchs_svcomp_mea8000.x86_64/query.05639,1,64,131
QF_BVFP/20170428-Liew-KLEE/imperial_svcomp_float-benchs_svcomp_mea8000.x86_64/query.05647,1,64,131
QF_BVFP/20170428-Liew-KLEE/imperial_svcomp_float-benchs_svcomp_mea8000.x86_64/query.05659,1,64,131
QF_BVFP/20170428-Liew-KLEE/imperial_svcomp_float-benchs_svcomp_mea8000.x86_64/query.05675,1,64,131
QF_BVFP/20170428-Liew-KLEE/imperial_svcomp_float-benchs_svcomp_mea8000.x86_64/query.05696,1,64,131
QF_BVFP/20170428-Liew-KLEE/imperial_svcomp_float-benchs_svcomp_mea8000.x86_64/query.05714,1,64,131
QF_BVFP/20170428-Liew-KLEE/imperial_svcomp_float-benchs_svcomp_mea8000.x86_64/query.05715,1,64,197
QF_BVFP/20170428-Liew-KLEE/imperial_svcomp_float-benchs_svcomp_mea8000.x86_64/query.05744,1,64,131
QF_BVFP/20170428-Liew-KLEE/imperial_svcomp_float-benchs_svcomp_mea8000.x86_64/query.05762,1,64,131
QF_BVFP/20170428-Liew-KLEE/imperial_svcomp_float-benchs_svcomp_mea8000.x86_64/query.05789,1,64,131
QF_BVFP/20170428-Liew-KLEE/imperial_svcomp_float-benchs_svcomp_mea8000.x86_64/query.05793,1,64,197
QF_BVFP/20170428-Liew-KLEE/imperial_svcomp_float-benchs_svcomp_mea8000.x86_64/query.05860,1,64,131
QF_BVFP/20170428-Liew-KLEE/imperial_svcomp_float-benchs_svcomp_mea8000.x86_64/query.05875,1,64,131
QF_BVFP/20170428-Liew-KLEE/imperial_svcomp_float-benchs_svcomp_mea8000.x86_64/query.05929,1,64,131
QF_BVFP/20170428-Liew-KLEE/imperial_svcomp_float-benchs_svcomp_mea8000.x86_64/query.05976,1,64,197
QF_BVFP/20170428-Liew-KLEE/imperial_svcomp_float-benchs_svcomp_mea8000.x86_64/query.06014,1,64,131
QF_BVFP/20170428-Liew-KLEE/imperial_svcomp_float-benchs_svcomp_mea8000.x86_64/query.06024,1,64,197
QF_BVFP/20170428-Liew-KLEE/imperial_svcomp_float-benchs_svcomp_mea8000.x86_64/query.06057,1,64,197
QF_BVFP/20170428-Liew-KLEE/imperial_svcomp_float-benchs_svcomp_mea8000.x86_64/query.06064,1,64,131
QF_BVFP/20170428-Liew-KLEE/imperial_svcomp_float-benchs_svcomp_mea8000.x86_64/query.06079,1,64,131
QF_BVFP/20170428-Liew-KLEE/imperial_svcomp_float-benchs_svcomp_mea8000.x86_64/query.06090,1,64,197
QF_BVFP/20170428-Liew-KLEE/imperial_svcomp_float-benchs_svcomp_mea8000.x86_64/query.06120,1,64,197
QF_BVFP/20170428-Liew-KLEE/imperial_svcomp_float-benchs_svcomp_mea8000.x86_64/query.06155,1,64,131
QF_BVFP/20170428-Liew-KLEE/imperial_svcomp_float-benchs_svcomp_mea8000.x86_64/query.06164,1,64,131
QF_BVFP/20170428-Liew-KLEE/imperial_svcomp_float-benchs_svcomp_mea8000.x86_64/query.06180,1,64,197
QF_BVFP/20170428-Liew-KLEE/imperial_svcomp_float-benchs_svcomp_mea8000.x86_64/query.06201,1,64,197
QF_BVFP/20170428-Liew-KLEE/imperial_svcomp_float-benchs_svcomp_mea8000.x86_64/query.06221,1,64,131
QF_BVFP/20170428-Liew-KLEE/imperial_svcomp_float-benchs_svcomp_mea8000.x86_64/query.06233,1,64,131
QF_BVFP/20170428-Liew-KLEE/imperial_svcomp_float-benchs_svcomp_mea8000.x86_64/query.06248,1,64,131
QF_BVFP/20170428-Liew-KLEE/imperial_svcomp_float-benchs_svcomp_mea8000.x86_64/query.06276,1,64,197
QF_BVFP/20170428-Liew-KLEE/imperial_svcomp_float-benchs_svcomp_mea8000.x86_64/query.06312,1,64,197
QF_BVFP/20170428-Liew-KLEE/imperial_svcomp_float-benchs_svcomp_mea8000.x86_64/query.06359,1,64,131
QF_BVFP/20170428-Liew-KLEE/imperial_svcomp_float-benchs_svcomp_mea8000.x86_64/query.06362,1,64,131
QF_BVFP/20170428-Liew-KLEE/imperial_svcomp_float-benchs_svcomp_mea8000.x86_64/query.06409,1,64,131
QF_BVFP/20170428-Liew-KLEE/imperial_svcomp_float-benchs_svcomp_mea8000.x86_64/query.06426,1,64,197
QF_BVFP/20170428-Liew-KLEE/imperial_svcomp_float-benchs_svcomp_mea8000.x86_64/query.06430,1,64,131
QF_BVFP/20170428-Liew-KLEE/imperial_svcomp_float-benchs_svcomp_mea8000.x86_64/query.06433,1,64,131
QF_BVFP/20170428-Liew-KLEE/imperial_svcomp_float-benchs_svcomp_mea8000.x86_64/query.06447,1,64,197
QF_BVFP/20170428-Liew-KLEE/imperial_svcomp_float-benchs_svcomp_mea8000.x86_64/query.06509,1,64,131
QF_BVFP/20170428-Liew-KLEE/imperial_svcomp_float-benchs_svcomp_mea8000.x86_64/query.06516,1,64,197
QF_BVFP/20170428-Liew-KLEE/imperial_svcomp_float-benchs_svcomp_mea8000.x86_64/query.06532,1,64,131
QF_BVFP/20170428-Liew-KLEE/imperial_svcomp_float-benchs_svcomp_mea8000.x86_64/query.06601,1,64,131
QF_BVFP/20170428-Liew-KLEE/imperial_svcomp_float-benchs_svcomp_mea8000.x86_64/query.06647,1,64,131
QF_BVFP/20170428-Liew-KLEE/imperial_svcomp_float-benchs_svcomp_mea8000.x86_64/query.06684,1,64,197
QF_BVFP/20170428-Liew-KLEE/imperial_svcomp_float-benchs_svcomp_mea8000.x86_64/query.06697,1,64,131
QF_BVFP/20170428-Liew-KLEE/imperial_svcomp_float-benchs_svcomp_mea8000.x86_64/query.06699,1,64,197
QF_BVFP/20170428-Liew-KLEE/imperial_svcomp_float-benchs_svcomp_mea8000.x86_64/query.06713,1,64,131
QF_BVFP/20170428-Liew-KLEE/imperial_svcomp_float-benchs_svcomp_mea8000.x86_64/query.06729,1,64,197
QF_BVFP/20170428-Liew-KLEE/imperial_svcomp_float-benchs_svcomp_mea8000.x86_64/query.06743,1,64,131
QF_BVFP/20170428-Liew-KLEE/imperial_svcomp_float-benchs_svcomp_mea8000.x86_64/query.06766,1,64,131
QF_BVFP/20170428-Liew-KLEE/imperial_svcomp_float-benchs_svcomp_mea8000.x86_64/query.06770,1,64,131
QF_BVFP/20170428-Liew-KLEE/imperial_svcomp_float-benchs_svcomp_mea8000.x86_64/query.06772,1,64,131
QF_BVFP/20170428-Liew-KLEE/imperial_svcomp_float-benchs_svcomp_mea8000.x86_64/query.06807,1,64,197
QF_BVFP/20170428-Liew-KLEE/imperial_svcomp_float-benchs_svcomp_mea8000.x86_64/query.06929,1,64,131
QF_BVFP/20170428-Liew-KLEE/imperial_svcomp_float-benchs_svcomp_mea8000.x86_64/query.06943,1,64,131
QF_BVFP/20170428-Liew-KLEE/imperial_svcomp_float-benchs_svcomp_mea8000.x86_64/query.06952,1,64,131
QF_BVFP/20170428-Liew-KLEE/imperial_svcomp_float-benchs_svcomp_mea8000.x86_64/query.06961,1,64,131
QF_BVFP/20170428-Liew-KLEE/imperial_svcomp_float-benchs_svcomp_mea8000.x86_64/query.06963,1,64,197
QF_BVFP/20170428-Liew-KLEE/imperial_svcomp_float-benchs_svcomp_mea8000.x86_64/query.06985,1,64,131
QF_BVFP/20170428-Liew-KLEE/imperial_svcomp_float-benchs_svcomp_mea8000.x86_64/query.06994,1,64,131
QF_BVFP/20170428-Liew-KLEE/imperial_svcomp_float-benchs_svcomp_mea8000.x86_64/query.07008,1,64,197
QF_BVFP/20170428-Liew-KLEE/imperial_svcomp_float-benchs_svcomp_mea8000.x86_64/query.07009,1,64,131
QF_BVFP/20170428-Liew-KLEE/imperial_svcomp_float-benchs_svcomp_mea8000.x86_64/query.07065,1,64,197
QF_BVFP/20170428-Liew-KLEE/imperial_svcomp_float-benchs_svcomp_mea8000.x86_64/query.07089,1,64,197
QF_BVFP/20170428-Liew-KLEE/imperial_svcomp_float-benchs_svcomp_mea8000.x86_64/query.07103,1,64,131
QF_BVFP/20170428-Liew-KLEE/imperial_svcomp_float-benchs_svcomp_mea8000.x86_64/query.07152,1,64,197
QF_BVFP/20170428-Liew-KLEE/imperial_svcomp_float-benchs_svcomp_mea8000.x86_64/query.07155,1,64,197
QF_BVFP/20170428-Liew-KLEE/imperial_svcomp_float-benchs_svcomp_mea8000.x86_64/query.07197,1,64,197
QF_BVFP/20170428-Liew-KLEE/imperial_svcomp_float-benchs_svcomp_mea8000.x86_64/query.07232,1,64,131
QF_BVFP/20170428-Liew-KLEE/imperial_svcomp_float-benchs_svcomp_mea8000.x86_64/query.07256,1,64,131
QF_BVFP/20170428-Liew-KLEE/imperial_svcomp_float-benchs_svcomp_mea8000.x86_64/query.07275,1,64,197
QF_BVFP/20170428-Liew-KLEE/imperial_svcomp_float-benchs_svcomp_mea8000.x86_64/query.07279,1,64,131
QF_BVFP/20170428-Liew-KLEE/imperial_svcomp_float-benchs_svcomp_mea8000.x86_64/query.07291,1,64,131
QF_BVFP/20170428-Liew-KLEE/imperial_svcomp_float-benchs_svcomp_mea8000.x86_64/query.07296,1,64,197
QF_BVFP/20170428-Liew-KLEE/imperial_svcomp_float-benchs_svcomp_mea8000.x86_64/query.07303,1,64,131
QF_BVFP/20170428-Liew-KLEE/imperial_svcomp_float-benchs_svcomp_mea8000.x86_64/query.07370,1,64,131
QF_BVFP/20170428-Liew-KLEE/imperial_svcomp_float-benchs_svcomp_mea8000.x86_64/query.07375,1,64,131
QF_BVFP/20170428-Liew-KLEE/imperial_svcomp_float-benchs_svcomp_mea8000.x86_64/query.07424,1,64,131
QF_BVFP/20170428-Liew-KLEE/imperial_svcomp_float-benchs_svcomp_mea8000.x86_64/query.07441,1,64,131
QF_BVFP/20170428-Liew-KLEE/imperial_svcomp_float-benchs_svcomp_mea8000.x86_64/query.07483,1,64,131
QF_BVFP/20170428-Liew-KLEE/imperial_svcomp_float-benchs_svcomp_mea8000.x86_64/query.07492,1,64,131
QF_BVFP/20170428-Liew-KLEE/imperial_svcomp_float-benchs_svcomp_mea8000.x86_64/query.07497,1,64,197
QF_BVFP/20170428-Liew-KLEE/imperial_svcomp_float-benchs_svcomp_mea8000.x86_64/query.07518,1,64,197
QF_BVFP/20170428-Liew-KLEE/imperial_svcomp_float-benchs_svcomp_mea8000.x86_64/query.07544,1,64,131
QF_BVFP/20170428-Liew-KLEE/imperial_svcomp_float-benchs_svcomp_mea8000.x86_64/query.07574,1,64,131
QF_BVFP/20170428-Liew-KLEE/imperial_svcomp_float-benchs_svcomp_mea8000.x86_64/query.07580,1,64,131
QF_BVFP/20170428-Liew-KLEE/imperial_svcomp_float-benchs_svcomp_mea8000.x86_64/query.07584,1,64,197
QF_BVFP/20170428-Liew-KLEE/imperial_svcomp_float-benchs_svcomp_mea8000.x86_64/query.07586,1,64,131
QF_BVFP/20170428-Liew-KLEE/imperial_svcomp_float-benchs_svcomp_mea8000.x86_64/query.07620,1,64,197
QF_BVFP/20170428-Liew-KLEE/imperial_svcomp_float-benchs_svcomp_mea8000.x86_64/query.07633,1,64,131
QF_BVFP/20170428-Liew-KLEE/imperial_svcomp_float-benchs_svcomp_mea8000.x86_64/query.07661,1,64,131
QF_BVFP/20170428-Liew-KLEE/imperial_svcomp_float-benchs_svcomp_mea8000.x86_64/query.07665,1,64,197
QF_BVFP/20170428-Liew-KLEE/imperial_svcomp_float-benchs_svcomp_mea8000.x86_64/query.07677,1,64,197
QF_BVFP/20170428-Liew-KLEE/imperial_svcomp_float-benchs_svcomp_mea8000.x86_64/query.07713,1,64,197
QF_BVFP/20170428-Liew-KLEE/imperial_svcomp_float-benchs_svcomp_mea8000.x86_64/query.07730,1,64,131
QF_BVFP/20170428-Liew-KLEE/imperial_svcomp_float-benchs_svcomp_mea8000.x86_64/query.07743,1,64,197
QF_BVFP/20170428-Liew-KLEE/imperial_svcomp_float-benchs_svcomp_mea8000.x86_64/query.07750,1,64,131
QF_BVFP/20170428-Liew-KLEE/imperial_svcomp_float-benchs_svcomp_mea8000.x86_64/query.07761,1,64,197
QF_BVFP/20170428-Liew-KLEE/imperial_svcomp_float-benchs_svcomp_mea8000.x86_64/query.07774,1,64,131
QF_BVFP/20170428-Liew-KLEE/imperial_svcomp_float-benchs_svcomp_mea8000.x86_64/query.07794,1,64,197
QF_BVFP/20170428-Liew-KLEE/imperial_svcomp_float-benchs_svcomp_mea8000.x86_64/query.07865,1,64,131
QF_BVFP/20170428-Liew-KLEE/imperial_svcomp_float-benchs_svcomp_mea8000.x86_64/query.07886,1,64,131
QF_BVFP/20170428-Liew-KLEE/imperial_svcomp_float-benchs_svcomp_mea8000.x86_64/query.07888,1,64,131
QF_BVFP/20170428-Liew-KLEE/imperial_svcomp_float-benchs_svcomp_mea8000.x86_64/query.07915,1,64,131
QF_BVFP/20170428-Liew-KLEE/imperial_svcomp_float-benchs_svcomp_mea8000.x86_64/query.07958,1,64,131
QF_BVFP/20170428-Liew-KLEE/imperial_svcomp_float-benchs_svcomp_mea8000.x86_64/query.07974,1,64,197
QF_BVFP/20170428-Liew-KLEE/imperial_svcomp_float-benchs_svcomp_mea8000.x86_64/query.07975,1,64,131
QF_BVFP/20170428-Liew-KLEE/imperial_svcomp_float-benchs_svcomp_mea8000.x86_64/query.08009,1,64,131
QF_BVFP/20170428-Liew-KLEE/imperial_svcomp_float-benchs_svcomp_mea8000.x86_64/query.08011,1,64,131
QF_BVFP/20170428-Liew-KLEE/imperial_svcomp_float-benchs_svcomp_mea8000.x86_64/query.08037,1,64,197
QF_BVFP/20170428-Liew-KLEE/imperial_svcomp_float-benchs_svcomp_mea8000.x86_64/query.08057,1,64,131
QF_BVFP/20170428-Liew-KLEE/imperial_svcomp_float-benchs_svcomp_mea8000.x86_64/query.08065,1,64,131
QF_BVFP/20170428-Liew-KLEE/imperial_svcomp_float-benchs_svcomp_mea8000.x86_64/query.08152,1,64,131
QF_BVFP/20170428-Liew-KLEE/imperial_svcomp_float-benchs_svcomp_mea8000.x86_64/query.08237,1,64,131
QF_BVFP/20170428-Liew-KLEE/imperial_svcomp_float-benchs_svcomp_mea8000.x86_64/query.08242,1,64,131
QF_BVFP/20170428-Liew-KLEE/imperial_svcomp_float-benchs_svcomp_mea8000.x86_64/query.08256,1,64,197
QF_BVFP/20170428-Liew-KLEE/imperial_svcomp_float-benchs_svcomp_mea8000.x86_64/query.08259,1,64,197
QF_BVFP/20170428-Liew-KLEE/imperial_svcomp_float-benchs_svcomp_mea8000.x86_64/query.08309,1,64,131
QF_BVFP/20170428-Liew-KLEE/imperial_svcomp_float-benchs_svcomp_mea8000.x86_64/query.08333,1,64,131
QF_BVFP/20170428-Liew-KLEE/imperial_svcomp_float-benchs_svcomp_mea8000.x86_64/query.08334,1,64,197
QF_BVFP/20170428-Liew-KLEE/imperial_svcomp_float-benchs_svcomp_mea8000.x86_64/query.08381,1,64,131
QF_BVFP/20170428-Liew-KLEE/imperial_svcomp_float-benchs_svcomp_mea8000.x86_64/query.08504,1,64,131
QF_BVFP/20170428-Liew-KLEE/imperial_svcomp_float-benchs_svcomp_mea8000.x86_64/query.08553,1,64,197
QF_BVFP/20170428-Liew-KLEE/imperial_svcomp_float-benchs_svcomp_mea8000.x86_64/query.08565,1,64,197
QF_BVFP/20170428-Liew-KLEE/imperial_svcomp_float-benchs_svcomp_mea8000.x86_64/query.08599,1,64,131
QF_BVFP/20170428-Liew-KLEE/imperial_svcomp_float-benchs_svcomp_mea8000.x86_64/query.08612,1,64,131
QF_BVFP/20170428-Liew-KLEE/imperial_svcomp_float-benchs_svcomp_mea8000.x86_64/query.08632,1,64,131
QF_BVFP/20170428-Liew-KLEE/imperial_svcomp_float-benchs_svcomp_mea8000.x86_64/query.08640,1,64,197
QF_BVFP/20170428-Liew-KLEE/imperial_svcomp_float-benchs_svcomp_mea8000.x86_64/query.08649,1,64,197
QF_BVFP/20170428-Liew-KLEE/imperial_svcomp_float-benchs_svcomp_mea8000.x86_64/query.08680,1,64,131
QF_BVFP/20170428-Liew-KLEE/imperial_svcomp_float-benchs_svcomp_mea8000.x86_64/query.08682,1,64,197
QF_BVFP/20170428-Liew-KLEE/imperial_svcomp_float-benchs_svcomp_mea8000.x86_64/query.08703,1,64,197
QF_BVFP/20170428-Liew-KLEE/imperial_svcomp_float-benchs_svcomp_mea8000.x86_64/query.08721,1,64,197
QF_BVFP/20170428-Liew-KLEE/imperial_svcomp_float-benchs_svcomp_mea8000.x86_64/query.08739,1,64,197
QF_BVFP/20170428-Liew-KLEE/imperial_svcomp_float-benchs_svcomp_mea8000.x86_64/query.08745,1,64,197
QF_BVFP/20170428-Liew-KLEE/imperial_svcomp_float-benchs_svcomp_mea8000.x86_64/query.08760,1,64,197
QF_BVFP/20170428-Liew-KLEE/imperial_svcomp_float-benchs_svcomp_mea8000.x86_64/query.08799,1,64,197
QF_BVFP/20170428-Liew-KLEE/imperial_svcomp_float-benchs_svcomp_mea8000.x86_64/query.08816,1,64,131
QF_BVFP/20170428-Liew-KLEE/imperial_svcomp_float-benchs_svcomp_mea8000.x86_64/query.08885,1,64,131
QF_BVFP/20170428-Liew-KLEE/imperial_svcomp_float-benchs_svcomp_mea8000.x86_64/query.08886,1,64,197
QF_BVFP/20170428-Liew-KLEE/imperial_svcomp_float-benchs_svcomp_mea8000.x86_64/query.08888,1,64,131
QF_BVFP/20170428-Liew-KLEE/imperial_svcomp_float-benchs_svcomp_mea8000.x86_64/query.08895,1,64,197
QF_BVFP/20170428-Liew-KLEE/imperial_svcomp_float-benchs_svcomp_mea8000.x86_64/query.08947,1,64,131
QF_BVFP/20170428-Liew-KLEE/imperial_svcomp_float-benchs_svcomp_mea8000.x86_64/query.08955,1,64,197
QF_BVFP/20170428-Liew-KLEE/imperial_svcomp_float-benchs_svcomp_mea8000.x86_64/query.08962,1,64,131
QF_BVFP/20170428-Liew-KLEE/imperial_svcomp_float-benchs_svcomp_mea8000.x86_64/query.08973,1,64,197
QF_BVFP/20170428-Liew-KLEE/imperial_svcomp_float-benchs_svcomp_mea8000.x86_64/query.08982,1,64,197
QF_BVFP/20170428-Liew-KLEE/imperial_svcomp_float-benchs_svcomp_mea8000.x86_64/query.09061,1,64,131
QF_BVFP/20170428-Liew-KLEE/imperial_svcomp_float-benchs_svcomp_mea8000.x86_64/query.09117,1,64,197
QF_BVFP/20170428-Liew-KLEE/imperial_svcomp_float-benchs_svcomp_mea8000.x86_64/query.09130,1,64,131
QF_BVFP/20170428-Liew-KLEE/imperial_svcomp_float-benchs_svcomp_mea8000.x86_64/query.09165,1,64,197
QF_BVFP/20170428-Liew-KLEE/imperial_svcomp_float-benchs_svcomp_mea8000.x86_64/query.09188,1,64,131
QF_BVFP/20170428-Liew-KLEE/imperial_svcomp_float-benchs_svcomp_mea8000.x86_64/query.09203,1,64,131
QF_BVFP/20170428-Liew-KLEE/imperial_svcomp_float-benchs_svcomp_mea8000.x86_64/query.09212,1,64,131
QF_BVFP/20170428-Liew-KLEE/imperial_svcomp_float-benchs_svcomp_mea8000.x86_64/query.09214,1,64,131
QF_BVFP/20170428-Liew-KLEE/imperial_svcomp_float-benchs_svcomp_mea8000.x86_64/query.09246,1,64,197
QF_BVFP/20170428-Liew-KLEE/imperial_svcomp_float-benchs_svcomp_mea8000.x86_64/query.09271,1,64,131
QF_BVFP/20170428-Liew-KLEE/imperial_svcomp_float-benchs_svcomp_mea8000.x86_64/query.09292,1,64,131
QF_BVFP/20170428-Liew-KLEE/imperial_svcomp_float-benchs_svcomp_mea8000.x86_64/query.09302,1,64,131
QF_BVFP/20170428-Liew-KLEE/imperial_svcomp_float-benchs_svcomp_mea8000.x86_64/query.09321,1,64,197
QF_BVFP/20170428-Liew-KLEE/imperial_svcomp_float-benchs_svcomp_mea8000.x86_64/query.09328,1,64,131
QF_BVFP/20170428-Liew-KLEE/imperial_svcomp_float-benchs_svcomp_mea8000.x86_64/query.09337,1,64,131
QF_BVFP/20170428-Liew-KLEE/imperial_svcomp_float-benchs_svcomp_mea8000.x86_64/query.09341,1,64,131
QF_BVFP/20170428-Liew-KLEE/imperial_svcomp_float-benchs_svcomp_mea8000.x86_64/query.09374,1,64,131
QF_BVFP/20170428-Liew-KLEE/imperial_svcomp_float-benchs_svcomp_mea8000.x86_64/query.09489,1,64,197
QF_BVFP/20170428-Liew-KLEE/imperial_svcomp_float-benchs_svcomp_mea8000.x86_64/query.09490,1,64,131
QF_BVFP/20170428-Liew-KLEE/imperial_svcomp_float-benchs_svcomp_mea8000.x86_64/query.09521,1,64,131
QF_BVFP/20170428-Liew-KLEE/imperial_svcomp_float-benchs_svcomp_mea8000.x86_64/query.09523,1,64,131
QF_BVFP/20170428-Liew-KLEE/imperial_svcomp_float-benchs_svcomp_mea8000.x86_64/query.09550,1,64,131
QF_BVFP/20170428-Liew-KLEE/imperial_svcomp_float-benchs_svcomp_mea8000.x86_64/query.09552,1,64,197
QF_BVFP/20170428-Liew-KLEE/imperial_svcomp_float-benchs_svcomp_mea8000.x86_64/query.09560,1,64,131
QF_BVFP/20170428-Liew-KLEE/imperial_svcomp_float-benchs_svcomp_mea8000.x86_64/query.09573,1,64,197
QF_BVFP/20170428-Liew-KLEE/imperial_svcomp_float-benchs_svcomp_mea8000.x86_64/query.09579,1,64,197
QF_BVFP/20170428-Liew-KLEE/imperial_svcomp_float-benchs_svcomp_mea8000.x86_64/query.09621,1,64,197
QF_BVFP/20170428-Liew-KLEE/imperial_svcomp_float-benchs_svcomp_mea8000.x86_64/query.09634,1,64,131
QF_BVFP/20170428-Liew-KLEE/imperial_svcomp_float-benchs_svcomp_mea8000.x86_64/query.09674,1,64,131
QF_BVFP/20170428-Liew-KLEE/imperial_svcomp_float-benchs_svcomp_mea8000.x86_64/query.09698,1,64,131
QF_BVFP/20170428-Liew-KLEE/imperial_svcomp_float-benchs_svcomp_mea8000.x86_64/query.09704,1,64,131
QF_BVFP/20170428-Liew-KLEE/imperial_svcomp_float-benchs_svcomp_mea8000.x86_64/query.09726,1,64,197
QF_BVFP/20170428-Liew-KLEE/imperial_svcomp_float-benchs_svcomp_mea8000.x86_64/query.09749,1,64,131
QF_BVFP/20170428-Liew-KLEE/imperial_svcomp_float-benchs_svcomp_mea8000.x86_64/query.09793,1,64,131
QF_BVFP/20170428-Liew-KLEE/imperial_svcomp_float-benchs_svcomp_mea8000.x86_64/query.09797,1,64,131
QF_BVFP/20170428-Liew-KLEE/imperial_svcomp_float-benchs_svcomp_mea8000.x86_64/query.09805,1,64,131
QF_BVFP/20170428-Liew-KLEE/imperial_svcomp_float-benchs_svcomp_mea8000.x86_64/query.09813,1,64,197
QF_BVFP/20170428-Liew-KLEE/imperial_svcomp_float-benchs_svcomp_mea8000.x86_64/query.09840,1,64,197
QF_BVFP/20170428-Liew-KLEE/imperial_svcomp_float-benchs_svcomp_mea8000.x86_64/query.09858,1,64,197
QF_BVFP/20170428-Liew-KLEE/imperial_svcomp_float-benchs_svcomp_mea8000.x86_64/query.09861,1,64,197
QF_BVFP/20170428-Liew-KLEE/imperial_svcomp_float-benchs_svcomp_mea8000.x86_64/query.09870,1,64,197
QF_BVFP/20170428-Liew-KLEE/imperial_svcomp_float-benchs_svcomp_mea8000.x86_64/query.09889,1,64,131
QF_BVFP/20170428-Liew-KLEE/imperial_svcomp_float-benchs_svcomp_mea8000.x86_64/query.09893,1,64,131
QF_BVFP/20170428-Liew-KLEE/imperial_svcomp_float-benchs_svcomp_mea8000.x86_64/query.09943,1,64,131
QF_BVFP/20170428-Liew-KLEE/imperial_svcomp_float-benchs_svcomp_mea8000.x86_64/query.09995,1,64,131
QF_BVFP/20170428-Liew-KLEE/imperial_svcomp_float-benchs_svcomp_mea8000.x86_64/query.10001,1,64,131
QF_BVFP/20170428-Liew-KLEE/imperial_svcomp_float-benchs_svcomp_mea8000.x86_64/query.10002,1,64,197
QF_BVFP/20170428-Liew-KLEE/imperial_svcomp_float-benchs_svcomp_mea8000.x86_64/query.10011,1,64,197
QF_BVFP/20170428-Liew-KLEE/imperial_svcomp_float-benchs_svcomp_mea8000.x86_64/query.10014,1,64,197
QF_BVFP/20170428-Liew-KLEE/imperial_svcomp_float-benchs_svcomp_mea8000.x86_64/query.10077,1,64,197
QF_BVFP/20170428-Liew-KLEE/imperial_svcomp_float-benchs_svcomp_mea8000.x86_64/query.10114,1,64,131
QF_BVFP/20170428-Liew-KLEE/imperial_svcomp_float-benchs_svcomp_mea8000.x86_64/query.10116,1,64,197
QF_BVFP/20170428-Liew-KLEE/imperial_svcomp_float-benchs_svcomp_mea8000.x86_64/query.10149,1,64,197
QF_BVFP/20170428-Liew-KLEE/imperial_svcomp_float-benchs_svcomp_mea8000.x86_64/query.10155,1,64,197
QF_BVFP/20170428-Liew-KLEE/imperial_svcomp_float-benchs_svcomp_mea8000.x86_64/query.10185,1,64,197
QF_BVFP/20170428-Liew-KLEE/imperial_svcomp_float-benchs_svcomp_mea8000.x86_64/query.10194,1,64,197
QF_BVFP/20170428-Liew-KLEE/imperial_svcomp_float-benchs_svcomp_mea8000.x86_64/query.10196,1,64,131
QF_BVFP/20170428-Liew-KLEE/imperial_svcomp_float-benchs_svcomp_mea8000.x86_64/query.10213,1,64,131
QF_BVFP/20170428-Liew-KLEE/imperial_svcomp_float-benchs_svcomp_mea8000.x86_64/query.10217,1,64,131
QF_BVFP/20170428-Liew-KLEE/imperial_svcomp_float-benchs_svcomp_mea8000.x86_64/query.10244,1,64,131
QF_BVFP/20170428-Liew-KLEE/imperial_svcomp_float-benchs_svcomp_mea8000.x86_64/query.10249,1,64,131
QF_BVFP/20170428-Liew-KLEE/imperial_svcomp_float-benchs_svcomp_mea8000.x86_64/query.10287,1,64,197
QF_BVFP/20170428-Liew-KLEE/imperial_svcomp_float-benchs_svcomp_mea8000.x86_64/query.10301,1,64,131
QF_BVFP/20170428-Liew-KLEE/imperial_svcomp_float-benchs_svcomp_mea8000.x86_64/query.10309,1,64,131
QF_BVFP/20170428-Liew-KLEE/imperial_svcomp_float-benchs_svcomp_mea8000.x86_64/query.10311,1,64,197
QF_BVFP/20170428-Liew-KLEE/imperial_svcomp_float-benchs_svcomp_mea8000.x86_64/query.10338,1,64,197
QF_BVFP/20170428-Liew-KLEE/imperial_svcomp_float-benchs_svcomp_mea8000.x86_64/query.10435,1,64,131
QF_BVFP/20170428-Liew-KLEE/imperial_svcomp_float-benchs_svcomp_mea8000.x86_64/query.10442,1,64,131
QF_BVFP/20170428-Liew-KLEE/imperial_svcomp_float-benchs_svcomp_mea8000.x86_64/query.10446,1,64,197
QF_BVFP/20170428-Liew-KLEE/imperial_svcomp_float-benchs_svcomp_mea8000.x86_64/query.10482,1,64,197
QF_BVFP/20170428-Liew-KLEE/imperial_svcomp_float-benchs_svcomp_mea8000.x86_64/query.10490,1,64,131
QF_BVFP/20170428-Liew-KLEE/imperial_svcomp_float-benchs_svcomp_mea8000.x86_64/query.10495,1,64,131
QF_BVFP/20170428-Liew-KLEE/imperial_svcomp_float-benchs_svcomp_mea8000.x86_64/query.10504,1,64,131
QF_BVFP/20170428-Liew-KLEE/imperial_svcomp_float-benchs_svcomp_mea8000.x86_64/query.10525,1,64,131
QF_BVFP/20170428-Liew-KLEE/imperial_svcomp_float-benchs_svcomp_mea8000.x86_64/query.10546,1,64,131
QF_BVFP/20170428-Liew-KLEE/imperial_svcomp_float-benchs_svcomp_mea8000.x86_64/query.10575,1,64,197
QF_BVFP/20170428-Liew-KLEE/imperial_svcomp_float-benchs_svcomp_mea8000.x86_64/query.10578,1,64,197
QF_BVFP/20170428-Liew-KLEE/imperial_svcomp_float-benchs_svcomp_mea8000.x86_64/query.10582,1,64,131
QF_BVFP/20170428-Liew-KLEE/imperial_svcomp_float-benchs_svcomp_mea8000.x86_64/query.10584,1,64,197
QF_BVFP/20170428-Liew-KLEE/imperial_svcomp_float-benchs_svcomp_mea8000.x86_64/query.10628,1,64,131
QF_BVFP/20170428-Liew-KLEE/imperial_svcomp_float-benchs_svcomp_mea8000.x86_64/query.10637,1,64,131
QF_BVFP/20170428-Liew-KLEE/imperial_svcomp_float-benchs_svcomp_mea8000.x86_64/query.10639,1,64,131
QF_BVFP/20170428-Liew-KLEE/imperial_svcomp_float-benchs_svcomp_mea8000.x86_64/query.10641,1,64,197
QF_BVFP/20170428-Liew-KLEE/imperial_svcomp_float-benchs_svcomp_mea8000.x86_64/query.10644,1,64,197
QF_BVFP/20170428-Liew-KLEE/imperial_svcomp_float-benchs_svcomp_mea8000.x86_64/query.10657,1,64,131
QF_BVFP/20170428-Liew-KLEE/imperial_svcomp_float-benchs_svcomp_mea8000.x86_64/query.10691,1,64,131
QF_BVFP/20170428-Liew-KLEE/imperial_svcomp_float-benchs_svcomp_mea8000.x86_64/query.10695,1,64,197
QF_BVFP/20170428-Liew-KLEE/imperial_svcomp_float-benchs_svcomp_mea8000.x86_64/query.10697,1,64,131
QF_BVFP/20170428-Liew-KLEE/imperial_svcomp_float-benchs_svcomp_mea8000.x86_64/query.10701,1,64,197
QF_BVFP/20170428-Liew-KLEE/imperial_svcomp_float-benchs_svcomp_mea8000.x86_64/query.10703,1,64,131
QF_BVFP/20170428-Liew-KLEE/imperial_svcomp_float-benchs_svcomp_mea8000.x86_64/query.10750,1,64,131
QF_BVFP/20170428-Liew-KLEE/imperial_svcomp_float-benchs_svcomp_mea8000.x86_64/query.10754,1,64,131
QF_BVFP/20170428-Liew-KLEE/imperial_svcomp_float-benchs_svcomp_mea8000.x86_64/query.10791,1,64,197
QF_BVFP/20170428-Liew-KLEE/imperial_svcomp_float-benchs_svcomp_rlim_invariant.x86_64/query.087,6,192,612
QF_BVFP/20170428-Liew-KLEE/imperial_svcomp_float-benchs_svcomp_rlim_invariant.x86_64/query.167,8,256,748
QF_BVFP/20170428-Liew-KLEE/imperial_svcomp_float-benchs_svcomp_rlim_invariant.x86_64/query.180,8,256,810
QF_BVFP/20170428-Liew-KLEE/imperial_svcomp_float-benchs_svcomp_rlim_invariant.x86_64/query.181,8,256,816
QF_BVFP/20170428-Liew-KLEE/imperial_svcomp_float-benchs_svcomp_rlim_invariant.x86_64/query.262,8,256,748
QF_BVFP/20170428-Liew-KLEE/imperial_svcomp_float-benchs_svcomp_rlim_invariant.x86_64/query.271,8,256,812
QF_BVFP/20170428-Liew-KLEE/imperial_svcomp_float-benchs_svcomp_rlim_invariant.x86_64/query.276,8,256,751
QF_BVFP/20170428-Liew-KLEE/imperial_svcomp_float-benchs_svcomp_rlim_invariant.x86_64/query.283,8,256,785
QF_BVFP/20170428-Liew-KLEE/imperial_svcomp_float-benchs_svcomp_rlim_invariant.x86_64/query.327,10,320,949
QF_BVFP/20170428-Liew-KLEE/imperial_svcomp_float-benchs_svcomp_rlim_invariant.x86_64/query.358,10,320,884
QF_BVFP/20170428-Liew-KLEE/imperial_svcomp_float-benchs_svcomp_rlim_invariant.x86_64/query.372,10,320,952
QF_BVFP/20170428-Liew-KLEE/imperial_svcomp_float-benchs_svcomp_rlim_invariant.x86_64/query.408,10,320,949
QF_BVFP/20170428-Liew-KLEE/imperial_svcomp_float-benchs_svcomp_rlim_invariant.x86_64/query.494,10,320,986
QF_BVFP/20170428-Liew-KLEE/imperial_svcomp_float-benchs_svcomp_rlim_invariant.x86_64/query.501,10,320,886
QF_BVFP/20170428-Liew-KLEE/imperial_svcomp_float-benchs_svcomp_rlim_invariant.x86_64/query.519,10,320,923
QF_BVFP/20170428-Liew-KLEE/imperial_svcomp_float-benchs_svcomp_rlim_invariant.x86_64/query.538,10,320,923
QF_BVFP/20170428-Liew-KLEE/imperial_svcomp_float-benchs_svcomp_rlim_invariant.x86_64/query.558,10,320,986
QF_BVFP/20170428-Liew-KLEE/imperial_svcomp_float-benchs_svcomp_rlim_invariant.x86_64/query.572,10,320,952
QF_BVFP/20170428-Liew-KLEE/imperial_svcomp_float-benchs_svcomp_rlim_invariant.x86_64/query.691,10,320,955
QF_BVFP/20170428-Liew-KLEE/imperial_svcomp_float-benchs_svcomp_rlim_invariant.x86_64/query.695,10,320,960
QF_BVFP/20170428-Liew-KLEE/imperial_svcomp_float-benchs_svcomp_rlim_invariant.x86_64/query.697,10,320,952
QF_BVFP/20170428-Liew-KLEE/imperial_svcomp_float-benchs_svcomp_rlim_invariant.x86_64/query.705,10,320,980
QF_BVFP/20170428-Liew-KLEE/imperial_svcomp_float-benchs_svcomp_sin_interpolated_bigrange_tight.x86_64/query.11,1,64,871
QF_BVFP/20170428-Liew-KLEE/imperial_svcomp_float-benchs_svcomp_sqrt_householder_interval.x86_64/query.1,1,64,195
QF_BVFP/20170428-Liew-KLEE/imperial_svcomp_float-benchs_svcomp_sqrt_householder_interval.x86_64/query.5,1,64,1674
QF_BVFP/20170428-Liew-KLEE/imperial_svcomp_float-benchs_svcomp_sqrt_householder_interval.x86_64/query.6,1,64,1737
QF_BVFP/20170428-Liew-KLEE/imperial_svcomp_float-benchs_svcomp_sqrt_householder_interval.x86_64/query.7,1,64,1675
QF_BVFP/20170428-Liew-KLEE/imperial_synthetic_count_klee.x86_64/query.02,2,64,143
QF_BVFP/20170428-Liew-KLEE/imperial_synthetic_count_klee.x86_64/query.04,2,64,208
QF_BVFP/20170428-Liew-KLEE/imperial_synthetic_count_klee.x86_64/query.11,2,64,669
QF_BVFP/20170428-Liew-KLEE/imperial_synthetic_count_klee.x86_64/query.20,2,64,1263
QF_BVFP/20170428-Liew-KLEE/imperial_synthetic_count_klee.x86_64/query.83,2,64,5421
QF_BVFP/20170428-Liew-KLEE/imperial_synthetic_fsub_to_exact_zero_klee_float.x86_64/query.02,2,64,71
QF_BVFP/20170428-Liew-KLEE/imperial_synthetic_interval_klee_bug.x86_64/query.21,1,32,777
QF_BVFP/20170428-Liew-KLEE/imperial_synthetic_interval_klee_bug.x86_64/query.26,1,32,938
QF_BVFP/20170428-Liew-KLEE/imperial_synthetic_interval_klee_bug_symbolic_increment.x86_64/query.18,2,64,691
QF_BVFP/20170428-Liew-KLEE/imperial_synthetic_memcpy_and_use_as_bitvector_klee.x86_64/query.070,2,64,164
QF_BVFP/20170428-Liew-KLEE/imperial_synthetic_non_terminating_klee_bug.x86_64/query.12,1,32,463
QF_BVFP/20170428-Liew-KLEE/imperial_synthetic_non_terminating_klee_bug.x86_64/query.13,1,32,496
QF_BVFP/20170428-Liew-KLEE/imperial_synthetic_non_terminating_klee_bug.x86_64/query.14,1,32,529
QF_BVFP/20170428-Liew-KLEE/imperial_synthetic_non_terminating_klee_bug.x86_64/query.15,1,32,562
QF_BVFP/20170428-Liew-KLEE/imperial_synthetic_non_terminating_klee_bug.x86_64/query.16,1,32,595
QF_BVFP/20170428-Liew-KLEE/imperial_synthetic_non_terminating_klee_bug.x86_64/query.17,1,32,628
QF_BVFP/20170428-Liew-KLEE/imperial_synthetic_non_terminating_klee_bug.x86_64/query.18,1,32,661
QF_BVFP/20170428-Liew-KLEE/imperial_synthetic_non_terminating_klee_bug.x86_64/query.19,1,32,694
QF_BVFP/20170428-Liew-KLEE/imperial_synthetic_non_terminating_klee_bug.x86_64/query.20,1,32,727
QF_BVFP/20170428-Liew-KLEE/imperial_synthetic_non_terminating_klee_bug.x86_64/query.21,1,32,760
QF_BVFP/20170428-Liew-KLEE/imperial_synthetic_non_terminating_klee_bug.x86_64/query.22,1,32,793
QF_BVFP/20170428-Liew-KLEE/imperial_synthetic_non_terminating_klee_bug.x86_64/query.23,1,32,826
QF_BVFP/20170428-Liew-KLEE/imperial_synthetic_non_terminating_klee_bug.x86_64/query.24,1,32,859
QF_BVFP/20170428-Liew-KLEE/imperial_synthetic_non_terminating_klee_bug.x86_64/query.25,1,32,892
QF_BVFP/20170428-Liew-KLEE/imperial_synthetic_non_terminating_klee_bug.x86_64/query.26,1,32,925
QF_BVFP/20170428-Liew-KLEE/imperial_synthetic_non_terminating_klee_bug.x86_64/query.27,1,32,958
QF_BVFP/20170428-Liew-KLEE/imperial_synthetic_non_terminating_klee_bug.x86_64/query.28,1,32,991
QF_BVFP/20170428-Liew-KLEE/imperial_synthetic_non_terminating_klee_bug.x86_64/query.29,1,32,1024
QF_BVFP/20170428-Liew-KLEE/imperial_synthetic_non_terminating_klee_bug.x86_64/query.30,1,32,1057
QF_BVFP/20170428-Liew-KLEE/imperial_synthetic_non_terminating_klee_bug.x86_64/query.31,1,32,1090
QF_BVFP/20170428-Liew-KLEE/imperial_synthetic_non_terminating_klee_no_bug.x86_64/query.01,1,32,70
QF_BVFP/20170428-Liew-KLEE/imperial_synthetic_sorted_search_klee_bug_float.x86_64/query.07,4,128,143
QF_BVFP/20170428-Liew-KLEE/imperial_synthetic_sqrt_klee.x86_64/query.10,2,64,621
QF_BVFP/20170428-Liew-KLEE/imperial_synthetic_sqrt_klee.x86_64/query.15,3,96,913
QF_BVFP/20170428-Liew-KLEE/imperial_synthetic_sqrt_klee.x86_64/query.20,4,128,1205
QF_BVFP/20170428-Liew-KLEE/imperial_synthetic_sqrt_klee.x86_64/query.25,5,160,1497
QF_BVFP/20170428-Liew-KLEE/imperial_synthetic_sqrt_klee.x86_64/query.30,6,192,1789
QF_BVFP/20170428-Liew-KLEE/imperial_synthetic_sqrt_klee.x86_64/query.35,7,224,2081
QF_BVFP/20170428-Liew-KLEE/imperial_synthetic_sqrt_klee_bug.x86_64/query.20,4,128,1173
QF_BVFP/20170428-Liew-KLEE/imperial_synthetic_sqrt_klee_bug.x86_64/query.25,5,160,1465
QF_BVFP/20170428-Liew-KLEE/imperial_synthetic_sqrt_klee_bug.x86_64/query.30,6,192,1757
QF_BVFP/20170428-Liew-KLEE/imperial_synthetic_vanishing_klee_bug.x86_64/query.4,2,64,137
QF_BVFP/20170501-Heizmann-UltimateAutomizer/Muller_Kahan_true-unreach-call.c_179,6,352,454
QF_BVFP/20170501-Heizmann-UltimateAutomizer/Muller_Kahan_true-unreach-call.c_315,6,352,486
QF_BVFP/20170501-Heizmann-UltimateAutomizer/Muller_Kahan_true-unreach-call.c_414,6,352,486
QF_BVFP/20170501-Heizmann-UltimateAutomizer/Muller_Kahan_true-unreach-call.c_422,6,352,486
QF_BVFP/20170501-Heizmann-UltimateAutomizer/Muller_Kahan_true-unreach-call.c_430,6,352,486
QF_BVFP/20170501-Heizmann-UltimateAutomizer/Muller_Kahan_true-unreach-call.c_446,6,352,486
QF_BVFP/20170501-Heizmann-UltimateAutomizer/Muller_Kahan_true-unreach-call.c_68,6,352,486
QF_BVFP/20170501-Heizmann-UltimateAutomizer/filter2_set_true-unreach-call.c_11,17,1056,649
QF_BVFP/20170501-Heizmann-UltimateAutomizer/filter2_true-unreach-call.c_11,12,736,905
QF_BVFP/20170501-Heizmann-UltimateAutomizer/sqrt_Householder_constant_true-unreach-call.c_274,13,704,1422
QF_BVFP/20170501-Heizmann-UltimateAutomizer/sqrt_Householder_constant_true-unreach-call.c_4,12,640,1420
QF_BVFP/20170501-Heizmann-UltimateAutomizer/sqrt_Householder_interval_true-unreach-call.c_4,12,640,1420
QF_BVFP/20170501-Heizmann-UltimateAutomizer/sqrt_Newton_pseudoconstant_true-unreach-call.c_188,12,640,975
QF_BVFP/20170501-Heizmann-UltimateAutomizer/sqrt_Newton_pseudoconstant_true-unreach-call.c_4,12,640,908
QF_BVFP/20170501-Heizmann-UltimateAutomizer/sqrt_biNewton_pseudoconstant_true-unreach-call.c_4,13,704,1677
QF_FP/20170501-Heizmann-UltimateAutomizer/Newlib-BadKrozingenChallenge-Oversimplified,16,1024,1285
QF_FP/20170501-Heizmann-UltimateAutomizer/cos_polynomial_true-unreach-call.c_9,10,640,900
QF_FP/20170501-Heizmann-UltimateAutomizer/filter2_reinit_true-unreach-call.c_7,8,512,836
QF_FP/20170501-Heizmann-UltimateAutomizer/image_filter_true-unreach-call.c_2,11,704,775
QF_FP/20170501-Heizmann-UltimateAutomizer/water_pid_true-unreach-call.c_14,13,832,646
QF_FP/20170501-Heizmann-UltimateAutomizer/water_pid_true-unreach-call.c_372,16,1024,909
QF_FP/griggio/fmcad12/div2.c.10,12,384,361
QF_FP/griggio/fmcad12/div3.c.10,13,416,361
QF_FP/griggio/fmcad12/div2.c.20,22,704,721
QF_FP/griggio/fmcad12/div3.c.20,23,736,721
QF_FP/griggio/fmcad12/div2.c.3,5,160,109
QF_FP/griggio/fmcad12/div3.c.3,6,192,109
QF_FP/griggio/fmcad12/div2.c.30,32,1024,1081
QF_FP/griggio/fmcad12/div3.c.30,33,1056,1081
QF_FP/griggio/fmcad12/div2.c.40,42,1344,1441
QF_FP/griggio/fmcad12/div3.c.40,43,1376,1441
QF_FP/griggio/fmcad12/div2.c.50,52,1664,1801
QF_FP/griggio/fmcad12/div3.c.50,53,1696,1801
QF_FP/griggio/fmcad12/div.c.10,13,416,361
QF_FP/griggio/fmcad12/div.c.20,23,736,721
QF_FP/griggio/fmcad12/div.c.3,6,192,109
QF_FP/griggio/fmcad12/div.c.30,33,1056,1081
QF_FP/griggio/fmcad12/div.c.40,43,1376,1441
QF_FP/griggio/fmcad12/div.c.50,53,1696,1801
QF_FP/griggio/fmcad12/e1_1.c,4,160,133
QF_FP/griggio/fmcad12/e1_2.c,4,160,133
QF_FP/griggio/fmcad12/e1.c,5,224,136
QF_FP/griggio/fmcad12/e2_1.c,11,704,209
QF_FP/griggio/fmcad12/e2_2.c,12,768,83
QF_FP/griggio/fmcad12/e2_3.c,11,704,83
QF_FP/griggio/fmcad12/e2.c,13,832,345
QF_FP/griggio/fmcad12/e2a_1.c,8,512,75
QF_FP/griggio/fmcad12/e2a_2.c,9,576,75
QF_FP/griggio/fmcad12/e2a_3.c,7,448,75
QF_FP/griggio/fmcad12/e3_1.c,7,448,407
QF_FP/griggio/fmcad12/e3_2.c,7,448,341
QF_FP/griggio/fmcad12/f23,2,64,585
QF_FP/griggio/fmcad12/gaussian.c.125,379,12128,29029
QF_FP/griggio/fmcad12/gaussian.c.175,529,16928,40619
QF_FP/griggio/fmcad12/gaussian.c.25,79,2528,5829
QF_FP/griggio/fmcad12/gaussian.c.75,229,7328,17428
QF_FP/griggio/fmcad12/mul_000003_30000_1,4,97,898
QF_FP/griggio/fmcad12/mul_03_3_1,4,97,898
QF_FP/griggio/fmcad12/mul_03_3000_1,4,97,898
QF_FP/griggio/fmcad12/mult1.c.10,13,448,393
QF_FP/griggio/fmcad12/mult2.c.10,14,448,361
QF_FP/griggio/fmcad12/mult1.c.20,23,768,753
QF_FP/griggio/fmcad12/mult2.c.20,24,768,721
QF_FP/griggio/fmcad12/mult1.c.3,6,224,141
QF_FP/griggio/fmcad12/mult2.c.3,7,224,109
QF_FP/griggio/fmcad12/mult1.c.30,33,1088,1113
QF_FP/griggio/fmcad12/mult2.c.30,34,1088,1081
QF_FP/griggio/fmcad12/mult1.c.40,43,1408,1473
QF_FP/griggio/fmcad12/mult2.c.40,44,1408,1441
QF_FP/griggio/fmcad12/mult1.c.50,53,1728,1833
QF_FP/griggio/fmcad12/mult2.c.50,54,1728,1801
QF_FP/griggio/fmcad12/newton.4.1.i,1,32,1158
QF_FP/griggio/fmcad12/newton.5.1.i,1,32,1126
QF_FP/griggio/fmcad12/newton.5.3.i,1,32,2598
QF_FP/griggio/fmcad12/newton.6.1.i,1,32,1158
QF_FP/griggio/fmcad12/newton.6.2.i,1,32,1894
QF_FP/griggio/fmcad12/newton.6.3.i,1,32,2630
QF_FP/griggio/fmcad12/newton.7.1.i,1,32,1158
QF_FP/griggio/fmcad12/newton.7.2.i,1,32,1894
QF_FP/griggio/fmcad12/newton.7.3.i,1,32,2630
QF_FP/griggio/fmcad12/newton.8.1.i,1,32,1126
QF_FP/griggio/fmcad12/newton.8.2.i,1,32,1862
QF_FP/griggio/fmcad12/newton.8.3.i,1,32,2598
QF_FP/griggio/fmcad12/sin2.c.10,37,1536,3507
QF_FP/griggio/fmcad12/sin2.c.125,381,16256,42207
QF_FP/griggio/fmcad12/sin2.c.15,52,2176,5187
QF_FP/griggio/fmcad12/sin2.c.175,531,22656,59006
QF_FP/griggio/fmcad12/sin2.c.2,13,512,819
QF_FP/griggio/fmcad12/sin2.c.20,67,2816,6867
QF_FP/griggio/fmcad12/sin2.c.25,82,3456,8547
QF_FP/griggio/fmcad12/sin2.c.5,22,896,1827
QF_FP/griggio/fmcad12/sin2.c.75,231,9856,25405
QF_FP/griggio/fmcad12/sin.c.125,381,16256,42207
QF_FP/griggio/fmcad12/sin.c.175,531,22656,59006
QF_FP/griggio/fmcad12/sin.c.25,81,3456,8607
QF_FP/griggio/fmcad12/sin.c.75,231,9856,25405
QF_FP/griggio/fmcad12/sine.1.0.i,1,32,710
QF_FP/griggio/fmcad12/sqrt.c.10,26,928,7073
QF_FP/griggio/fmcad12/sqrt.c.15,36,1248,10673
QF_FP/griggio/fmcad12/sqrt.c.2,10,416,1314
QF_FP/griggio/fmcad12/sqrt.c.20,63,2720,13648
QF_FP/griggio/fmcad12/sqrt.c.25,63,2720,13648
QF_FP/griggio/fmcad12/sqrt.c.5,16,608,3473
QF_FP/griggio/fmcad12/test_v3_r3_vr1_c1_s10392,3,96,1068
QF_FP/griggio/fmcad12/test_v3_r3_vr10_c1_s14052,3,96,1068
QF_FP/griggio/fmcad12/test_v3_r3_vr10_c1_s24300,3,96,1068
QF_FP/griggio/fmcad12/test_v3_r3_vr10_c1_s29304,3,96,1068
QF_FP/griggio/fmcad12/test_v3_r3_vr5_c1_s16641,3,96,1068
QF_FP/griggio/fmcad12/test_v3_r3_vr5_c1_s16867,3,96,1068
QF_FP/griggio/fmcad12/test_v3_r3_vr5_c1_s26769,3,96,1068
QF_FP/griggio/fmcad12/test_v3_r8_vr10_c1_s5590,3,96,2673
QF_FP/griggio/fmcad12/test_v5_r10_vr1_c1_s13516,5,160,5241
QF_FP/griggio/fmcad12/test_v5_r10_vr1_c1_s19145,5,160,5241
QF_FP/griggio/fmcad12/test_v5_r10_vr10_c1_s15708,5,160,5209
QF_FP/griggio/fmcad12/test_v5_r10_vr5_c1_s13195,5,160,5081
QF_FP/griggio/fmcad12/test_v5_r10_vr5_c1_s13679,5,160,5209
QF_FP/griggio/fmcad12/test_v5_r15_vr10_c1_s14516,5,160,7806
QF_FP/griggio/fmcad12/test_v5_r15_vr10_c1_s25268,5,160,7646
QF_FP/griggio/fmcad12/test_v5_r5_vr1_c1_s14623,5,160,2644
QF_FP/griggio/fmcad12/test_v5_r5_vr1_c1_s15604,5,160,2676
QF_FP/griggio/fmcad12/test_v5_r5_vr1_c1_s16138,5,160,2676
QF_FP/griggio/fmcad12/test_v5_r5_vr10_c1_s5379,5,160,2676
QF_FP/griggio/fmcad12/test_v5_r5_vr10_c1_s5996,5,160,2676
QF_FP/griggio/fmcad12/test_v5_r5_vr10_c1_s7194,5,160,2676
QF_FP/griggio/fmcad12/test_v5_r5_vr5_c1_s24018,5,160,2676
QF_FP/griggio/fmcad12/test_v5_r5_vr5_c1_s2800,5,160,2676
QF_FP/griggio/fmcad12/test_v5_r5_vr5_c1_s9855,5,160,2676
QF_FP/griggio/fmcad12/test_v7_r12_vr1_c1_s10576,7,224,8513
QF_FP/griggio/fmcad12/test_v7_r12_vr1_c1_s22787,7,224,8545
QF_FP/griggio/fmcad12/test_v7_r12_vr1_c1_s703,7,224,8577
QF_FP/griggio/fmcad12/test_v7_r12_vr10_c1_s15994,7,224,8353
QF_FP/griggio/fmcad12/test_v7_r12_vr10_c1_s18160,7,224,8577
QF_FP/griggio/fmcad12/test_v7_r12_vr10_c1_s30410,7,224,8449
QF_FP/griggio/fmcad12/test_v7_r12_vr5_c1_s14336,7,224,8513
QF_FP/griggio/fmcad12/test_v7_r12_vr5_c1_s29826,7,224,8321
QF_FP/griggio/fmcad12/test_v7_r12_vr5_c1_s8938,7,224,8513
QF_FP/griggio/fmcad12/test_v7_r17_vr1_c1_s23882,7,224,11974
QF_FP/griggio/fmcad12/test_v7_r17_vr1_c1_s24331,7,224,11974
QF_FP/griggio/fmcad12/test_v7_r17_vr10_c1_s18654,7,224,12038
QF_FP/griggio/fmcad12/test_v7_r17_vr10_c1_s3680,7,224,12006
QF_FP/griggio/fmcad12/test_v7_r17_vr10_c1_s8773,7,224,11942
QF_FP/griggio/fmcad12/test_v7_r17_vr5_c1_s25451,7,224,11878
QF_FP/griggio/fmcad12/test_v7_r17_vr5_c1_s2807,7,224,11782
QF_FP/griggio/fmcad12/test_v7_r17_vr5_c1_s4772,7,224,11974
QF_FP/griggio/fmcad12/test_v7_r7_vr1_c1_s22845,7,224,5052
QF_FP/griggio/fmcad12/test_v7_r7_vr1_c1_s4574,7,224,5052
QF_FP/griggio/fmcad12/test_v7_r7_vr10_c1_s10625,7,224,5052
QF_FP/griggio/fmcad12/test_v7_r7_vr10_c1_s24535,7,224,4924
QF_FP/griggio/fmcad12/test_v7_r7_vr10_c1_s32506,7,224,5052
QF_FP/griggio/fmcad12/test_v7_r7_vr5_c1_s14675,7,224,5052
QF_FP/griggio/fmcad12/test_v7_r7_vr5_c1_s19694,7,224,5052
QF_FP/griggio/fmcad12/test_v7_r7_vr5_c1_s3582,7,224,5020
QF_FP/ramalho/esbmc/nan_double-main,4,193,6
QF_FP/ramalho/esbmc/nan_float-main,4,97,6
QF_FP/ramalho/esbmc/newton_3_6_false-unreach-call-main,18,514,2847
QF_FP/ramalho/esbmc/sine_4_true-unreach-call-main,5,98,628
QF_FP/schanda/spark/O220-024,2,64,177
QF_FP/schanda/spark/angle_between_2,6,192,856
QF_FP/schanda/spark/assoc_add,3,96,158
QF_FP/schanda/spark/assoc_mult,3,96,158
QF_FP/schanda/spark/average_3,2,64,105
QF_FP/schanda/spark/average_5,2,64,490
QF_FP/schanda/spark/average_6,2,64,525
QF_FP/schanda/spark/cancel_2,1,32,100
QF_FP/schanda/spark/cases_2,2,64,4
QF_FP/schanda/spark/exp_3_precision,1,32,294
QF_FP/schanda/spark/guarded_div_1,2,64,172
QF_FP/schanda/spark/guarded_div_2,2,64,115
QF_FP/schanda/spark/incorrect_reordering,3,96,68
QF_FP/schanda/spark/protected_divide,2,64,242
QF_FP/schanda/spark/riposte_floats_are_not_rational,1,32,103
QF_FP/schanda/spark/scale_1,1,32,71
QF_FP/schanda/spark/underflow_1,2,64,76
QF_FP/schanda/spark/user_rule_1,3,192,345
QF_FP/schanda/spark/zeros_count_1,2,64,3
