Instance,Variable Count,Variable Bits,AST Bits,Favored Solver
QF_BV/RWS/Example_1.txt,24,2142,16454,Z3
QF_BV/RWS/Example_2.txt,24,2142,20432,Z3
QF_BV/RWS/Example_4.txt,20,2548,23149,Z3
QF_BV/RWS/Example_5.txt,20,2156,19282,Z3
QF_BV/RWS/Example_6.txt,20,1372,12340,Bitwuzla
QF_BV/RWS/Example_14.txt,20,2548,23399,Z3
QF_BV/bench_ab/a168test0018,2,40,207,Bitwuzla
QF_BV/bench_ab/a403test0043,2,16,89,Bitwuzla
QF_BV/bench_ab/a481test0001,3,96,5,Bitwuzla
QF_BV/bench_ab/a493test0006,3,96,7,Bitwuzla
QF_BV/bench_ab/a639test0017,3,24,111,Bitwuzla
QF_BV/bench_ab/a651test0090,3,24,129,Bitwuzla
QF_BV/bench_ab/a655test0003,3,24,112,Bitwuzla
QF_BV/bench_ab/a659test0071,3,24,119,Bitwuzla
QF_BV/bench_ab/a668test0098,3,24,114,Z3
QF_BV/bmc-bv-svcomp14/byte_add_false.c.17,214,473,5553,Z3
QF_BV/bmc-bv-svcomp14/byte_add_false.c.21,258,517,6385,Z3
QF_BV/bmc-bv/ex19,2,64,131019,Z3
QF_BV/bmc-bv/fermat,3,96,233,Bitwuzla
QF_BV/bmc-bv/graycode,12,384,4309,Z3
QF_BV/bmc-bv/inf1,3,96,214,Bitwuzla
QF_BV/bmc-bv/magic,16,512,6293,Bitwuzla
QF_BV/bmc-bv/queens,9,288,7977,Z3
QF_BV/bmc-bv/sudoku,81,2592,37682,Z3
QF_BV/brummayerbiere2/smulov4bw0256,2,512,7686,Bitwuzla
QF_BV/brummayerbiere2/smulov4bw0064,2,128,1926,Bitwuzla
QF_BV/brummayerbiere2/smulov4bw0128,2,256,3846,Bitwuzla
QF_BV/brummayerbiere2/smulov4bw0032,2,64,966,Bitwuzla
QF_BV/gulwani-pldi08/fig1d.phx,229,2061,7916,Z3
QF_BV/gulwani-pldi08/fig5.phx,118,708,3977,Z3
QF_BV/gulwani-pldi08/fig6.phx,69,414,1960,Z3
QF_BV/gulwani-pldi08/simplePostAndPre.phx,79,632,3225,Z3
QF_BV/sage/app1/bench_1141,85,1088,8506,Bitwuzla
QF_BV/sage/app1/bench_1258,1,8,11,Bitwuzla
QF_BV/sage/app1/bench_1262,80,1024,11244,Bitwuzla
QF_BV/sage/app1/bench_1288,60,768,9566,Bitwuzla
QF_BV/sage/app1/bench_1339,55,704,8534,Bitwuzla
QF_BV/sage/app1/bench_1346,55,704,8527,Bitwuzla
QF_BV/sage/app1/bench_1710,5,64,476,Bitwuzla
QF_BV/sage/app1/bench_1738,5,64,325,Bitwuzla
QF_BV/sage/app1/bench_1742,5,64,556,Bitwuzla
QF_BV/sage/app1/bench_1768,5,64,552,Bitwuzla
QF_BV/sage/app12/bench_228,10,128,645,Bitwuzla
QF_BV/sage/app12/bench_363,10,128,860,Bitwuzla
QF_BV/sage/app12/bench_446,10,128,649,Bitwuzla
QF_BV/sage/app12/bench_451,6,64,198,Bitwuzla
QF_BV/sage/app12/bench_953,6,64,236,Bitwuzla
QF_BV/sage/app12/bench_1051,202,2368,18022,Bitwuzla
QF_BV/sage/app12/bench_1183,202,2368,17715,Bitwuzla
QF_BV/sage/app12/bench_1353,43,344,6338,Bitwuzla
QF_BV/sage/app12/bench_2353,174,1392,26792,Z3
QF_BV/sage/app12/bench_2428,70,560,11747,Bitwuzla
QF_BV/sage/app12/bench_2451,60,480,10210,Bitwuzla
QF_BV/sage/app12/bench_3681,3,32,100,Bitwuzla
QF_BV/sage/app12/bench_3852,3,32,131,Bitwuzla
QF_BV/sage/app12/bench_3921,3,32,261,Bitwuzla
QF_BV/sage/app12/bench_3957,3,32,115,Bitwuzla
QF_BV/sage/app12/bench_4059,3,32,147,Bitwuzla
QF_BV/sage/app12/bench_4177,3,32,102,Bitwuzla
QF_BV/sage/app12/bench_4845,3,32,173,Bitwuzla
QF_BV/sage/app12/bench_5599,10,128,686,Bitwuzla
QF_BV/sage/app2/bench_48,64,536,7433,Bitwuzla
QF_BV/sage/app2/bench_225,64,536,11774,Bitwuzla
QF_BV/sage/app2/bench_278,18,192,3390,Bitwuzla
QF_BV/sage/app2/bench_282,18,192,3290,Bitwuzla
QF_BV/sage/app2/bench_458,7,96,474,Bitwuzla
QF_BV/sage/app2/bench_642,64,536,10262,Z3
QF_BV/sage/app2/bench_645,12,96,2190,Bitwuzla
QF_BV/sage/app2/bench_664,64,536,10260,Bitwuzla
QF_BV/sage/app2/bench_719,64,536,10006,Bitwuzla
QF_BV/sage/app2/bench_830,64,536,9499,Bitwuzla
QF_BV/sage/app2/bench_863,67,560,13066,Z3
QF_BV/sage/app2/bench_1196,64,536,12276,Z3
QF_BV/sage/app2/bench_1387,117,984,36351,Bitwuzla
QF_BV/sage/app5/bench_42,23,288,3764,Bitwuzla
QF_BV/sage/app5/bench_349,98,1248,12852,Bitwuzla
QF_BV/sage/app5/bench_357,98,1248,12781,Bitwuzla
QF_BV/sage/app5/bench_575,10,128,644,Bitwuzla
QF_BV/sage/app5/bench_742,42,448,2232,Bitwuzla
QF_BV/sage/app5/bench_794,5,64,326,Bitwuzla
QF_BV/sage/app5/bench_931,42,448,1585,Bitwuzla
QF_BV/sage/app5/bench_959,42,448,1497,Bitwuzla
QF_BV/sage/app5/bench_960,5,64,325,Bitwuzla
QF_BV/sage/app5/bench_1163,33,352,787,Bitwuzla
QF_BV/sage/app5/bench_1170,33,352,786,Bitwuzla
QF_BV/sage/app5/bench_1182,38,480,6212,Bitwuzla
QF_BV/sage/app5/bench_1262,12,128,285,Bitwuzla
QF_BV/sage/app8/bench_23,18,184,3433,Bitwuzla
QF_BV/sage/app8/bench_49,18,184,2450,Bitwuzla
QF_BV/sage/app8/bench_400,155,1744,25652,Bitwuzla
QF_BV/sage/app8/bench_443,155,1744,24788,Bitwuzla
QF_BV/sage/app8/bench_498,155,1744,24746,Bitwuzla
QF_BV/sage/app8/bench_525,5,48,387,Bitwuzla
QF_BV/sage/app8/bench_828,155,1744,20196,Bitwuzla
QF_BV/sage/app8/bench_1892,39,480,2412,Bitwuzla
QF_BV/sage/app8/bench_2006,14,136,1274,Bitwuzla
QF_BV/sage/app8/bench_2310,8,80,684,Bitwuzla
QF_BV/sage/app8/bench_2647,18,184,2231,Bitwuzla
QF_BV/sage/app8/bench_2880,18,184,1906,Bitwuzla
QF_BV/sage/app8/bench_3177,37,424,3353,Bitwuzla
QF_BV/sage/app8/bench_3314,18,184,2406,Bitwuzla
QF_BV/sage/app8/bench_3368,17,176,2509,Bitwuzla
QF_BV/sage/app8/bench_3424,18,184,1951,Bitwuzla
QF_BV/sage/app8/bench_3448,18,184,1590,Bitwuzla
QF_BV/sage/app8/bench_3677,5,48,387,Bitwuzla
QF_BV/sage/app8/bench_3814,17,176,2219,Bitwuzla
QF_BV/sage/app8/bench_3836,8,96,422,Bitwuzla
QF_BV/sage/app8/bench_3842,8,96,420,Bitwuzla
QF_BV/sage/app9/bench_885,68,736,3144,Bitwuzla
QF_BV/sage/app9/bench_919,9,104,581,Bitwuzla
QF_BV/sage/app9/bench_979,9,104,649,Bitwuzla
QF_BV/sage/app9/bench_1203,18,184,2177,Bitwuzla
QF_BV/sage/app9/bench_1269,13,120,1172,Bitwuzla
QF_BV/sage/app9/bench_1323,10,96,916,Bitwuzla
QF_BV/sage/app9/bench_1384,31,320,3810,Bitwuzla
QF_BV/sage/app9/bench_1400,21,192,3000,Bitwuzla
QF_BV/sage/app9/bench_1552,16,152,1893,Bitwuzla
QF_BV/sage/app9/bench_1659,24,248,2346,Bitwuzla
QF_BV/sage/app9/bench_1969,17,176,1820,Bitwuzla
QF_BV/sage/app9/bench_2061,10,128,751,Bitwuzla
QF_BV/sage/app9/bench_2358,3,32,67,Bitwuzla
QF_BV/sage/app9/bench_2518,15,160,806,Bitwuzla
QF_BV/sage/app9/bench_2940,18,184,2418,Bitwuzla
QF_BV/sage/app9/bench_3094,6,48,329,Bitwuzla
QF_BV/sage/app9/bench_3134,155,1744,25656,Bitwuzla
QF_BV/sage/app9/bench_3261,8,96,420,Bitwuzla
QF_BV/sage/app9/bench_3278,155,1744,24510,Bitwuzla
QF_BV/spear/zebra_v0.95a/bgpd_bgpd_vc75770,29,468,563,Bitwuzla
QF_BV/spear/zebra_v0.95a/bgpd_bgpd_vc75771,29,468,563,Bitwuzla
QF_BV/spear/zebra_v0.95a/bgpd_bgpd_vc75772,29,468,563,Bitwuzla
QF_BV/spear/zebra_v0.95a/bgpd_bgpd_vc76166,245,2656,2669,Bitwuzla
QF_BV/spear/zebra_v0.95a/bgpd_bgpd_vc76167,245,2656,2669,Bitwuzla
QF_BV/spear/zebra_v0.95a/bgpd_bgpd_vc76168,245,2656,2669,Bitwuzla
QF_BV/spear/zebra_v0.95a/bgpd_bgpd_vc76751,281,2912,2899,Bitwuzla
QF_BV/spear/zebra_v0.95a/bgpd_bgpd_vc76752,281,2912,2899,Bitwuzla
QF_BV/spear/zebra_v0.95a/bgpd_bgpd_vc76753,281,2912,2899,Bitwuzla
QF_BV/stp_samples/run_03230.trace.cond_011983_0x4182de_00,14,136,7218,Bitwuzla
QF_BV/stp_samples/run_03230.trace.cond_012011_0x4182de_00,16,152,7910,Bitwuzla
QF_BV/stp_samples/run_03230.trace.cond_012123_0x4182de_00,24,216,10678,Bitwuzla
QF_BV/stp_samples/run_03230.trace.cond_012151_0x4182de_00,26,232,11370,Bitwuzla
QF_BV/stp_samples/run_03230.trace.cond_012161_0x4182b4_00,27,240,11615,Bitwuzla
QF_BV/stp_samples/run_03230.trace.cond_012207_0x4182de_00,30,264,12754,Bitwuzla
QF_BV/stp_samples/run_03230.trace.cond_012217_0x4182b4_00,31,272,12999,Bitwuzla
QF_BV/stp_samples/run_00000.trace.cond_017461_0x95026e6_00,18,144,15976,Bitwuzla
QF_BV/stp_samples/run_00000.trace.cond_017924_0x950130a_00,20,160,17445,Bitwuzla
QF_BV/stp_samples/run_00000.trace.cond_019659_0x950130a_00,24,192,22057,Bitwuzla
QF_BV/stp_samples/run_00000.trace.cond_021021_0x7c80d002_00,27,216,25717,Bitwuzla
QF_BV/stp_samples/run_03230.trace.cond_025326_0x418209_00,31,272,14595,Bitwuzla
QF_BV/stp_samples/run_03230.trace.cond_025424_0x41820e_00,31,272,20165,Z3
QF_BV/stp_samples/run_03230.trace.cond_025503_0x418209_00,31,272,24798,Z3
QF_BV/stp_samples/run_03230.trace.cond_025521_0x41821d_00,31,272,26557,Z3
QF_BV/stp_samples/run_03230.trace.cond_025533_0x418209_00,31,272,26890,Z3
QF_BV/stp_samples/run_03230.trace.cond_025570_0x41821d_00,31,272,29114,Z3
QF_BV/stp_samples/run_00000.trace.cond_285209_0xe7b047_00,33,264,332949,Z3
QF_BV/stp_samples/run_00013.trace.cond_285237_0xe752eb_00,35,280,22396,Bitwuzla
QF_BV/stp_samples/run_00013.trace.cond_285420_0xe753c9_00,39,312,54586,Z3
QF_BV/tacas07/s-40-50-bv,101,3232,8348,Z3
QF_ABV/bench_ab/a84test0002,2,32,13,Bitwuzla
QF_ABV/bench_ab/a271test0009,2,32,175,Bitwuzla
QF_ABV/bench_ab/a283test0002,2,32,47,Bitwuzla
QF_ABV/bench_ab/a288test0004,2,32,133,Bitwuzla
QF_ABV/bench_ab/a296test0002,2,0,2507,Z3
QF_ABV/bench_ab/b264test0001,2,32,102,Bitwuzla
QF_ABV/bmc-arrays/ex6,2,64,1166,Bitwuzla
QF_ABV/bmc-arrays/ex20,3,64,152176,Bitwuzla
QF_ABV/bmc-arrays/inf4,4,96,1011,Bitwuzla
QF_ABV/bmc-arrays/simple_control_on_input,2,32,15785,Bitwuzla
QF_ABV/dwp_formulas/try3_true_functions_dwp_echo.set_char_quoting.il.dwp,50,440,1428,Bitwuzla
QF_ABV/dwp_formulas/try3_noof_functions_dwp_setuidgid.get_quoting_style.il.dwp,22,206,905,Bitwuzla
QF_ABV/dwp_formulas/try3_true_functions_dwp_split.set_char_quoting.il.dwp,50,440,1428,Bitwuzla
QF_ABV/dwp_formulas/try3_sameret_functions_dwp_kill.close_stdout_set_file_name.il.dwp,21,297,2107,Bitwuzla
QF_ABV/dwp_formulas/try3_true_functions_dwp_expr.set_char_quoting.il.dwp,50,440,1428,Bitwuzla
QF_ABV/dwp_formulas/try3_noof_functions_dwp_cut.hash_get_entries.il.dwp,263,1617,10617,Bitwuzla
QF_ABV/dwp_formulas/try3_true_functions_dwp_whoami.set_quoting_style.il.dwp,20,204,892,Bitwuzla
QF_ABV/dwp_formulas/try4_true_functions_dwp_nl.get_quoting_style.il.dwp,20,204,892,Bitwuzla
QF_ABV/dwp_formulas/try5_small_noof_functions_dwp_vdir.strcmp_ctime.il.dwp,95,896,5283,Bitwuzla
QF_ABV/dwp_formulas/try5_small_difret_functions_dwp_echo.set_quoting_style.il.dwp,51,605,3975,Bitwuzla
QF_ABV/dwp_formulas/try5_small_noof_functions_dwp_vdir.rev_xstrcoll_size.il.dwp,161,1086,5767,Bitwuzla
QF_ABV/dwp_formulas/try5_small_noof_functions_dwp_mkdir.set_quoting_style.il.dwp,22,206,905,Bitwuzla
QF_ABV/dwp_formulas/try5_small_difret_functions_dwp_factor.close_stdout_set_file_name.il.dwp,21,297,2108,Bitwuzla
QF_ABV/dwp_formulas/try3_sameret_functions_fse-bfs_hostid.set_quoting_style.il.fse-bfs,3,64,3502,Bitwuzla
QF_ABV/dwp_formulas/try3_sameret_functions_fse-bfs_vdir.bkm_scale.il.fse-bfs,7,192,3982,Z3
QF_ABV/dwp_formulas/try3_sameret_functions_fse-bfs_vdir.set_quoting_style.il.fse-bfs,3,64,3502,Bitwuzla
QF_ABV/dwp_formulas/try5_small_difret_functions_fse-bfs_touch.close_stdout_set_file_name.il.fse-bfs,3,64,1989,Bitwuzla
QF_ABV/dwp_formulas/try5_small_difret_functions_fse-bfs_vdir.strmode.il.fse-bfs,4,96,34513,Z3
QF_ABV/dwp_formulas/try5_small_noof_functions_wp_stat.set_char_quoting.il.wp,12,352,29829,Bitwuzla
QF_ABV/egt/egt-0474,1,0,942,Bitwuzla
QF_ABV/egt/egt-1526,1,0,963,Bitwuzla
QF_ABV/egt/egt-1550,1,0,1135,Bitwuzla
QF_ABV/egt/egt-4211,1,0,961,Bitwuzla
QF_ABV/egt/egt-6650,1,0,842,Bitwuzla
QF_ABV/egt/egt-7155,1,0,1101,Bitwuzla
QF_ABV/platania/no_init_simple_member/no_init_simple_member2,42,1024,760,Bitwuzla
QF_ABV/stp_samples/run_00007.trace.Alloc_zero__014071,15,112,15312,Bitwuzla
QF_ABV/stp_samples/run_00007.trace.Alloc_zero__015045,17,128,23276,Bitwuzla
QF_ABV/stp_samples/run_00007.trace.Alloc_zero__015532,17,128,26454,Bitwuzla
QF_ABV/stp_samples/run_00007.trace.Alloc_zero__016019,17,128,29632,Bitwuzla
QF_ABV/stp_samples/run_00007.trace.cond_014512_0x950130a_00,15,112,15166,Bitwuzla
QF_ABV/stp_samples/run_00007.trace.cond_014534_0x95026e6_00,17,128,18067,Bitwuzla
QF_ABV/stp_samples/run_00000.trace.cond_021458_0x7c80a939_00,28,216,26851,Bitwuzla
QF_ABV/stp_samples/run_00000.trace.cond_021487_0x7c80aacd_00,28,216,27245,Bitwuzla
QF_ABV/stp_samples/run_00000.trace.cond_021513_0x7c80ab56_00,28,216,28905,Bitwuzla
QF_ABV/stp_samples/run_00000.trace.cond_021516_0x7c80ab62_00,28,216,29238,Bitwuzla
QF_ABV/stp_samples/run_00000.trace.cond_021524_0x7c80ab81_00,28,216,29499,Bitwuzla
QF_ABV/stp_samples/run_00000.trace.cond_021528_0x7c80ab8f_00,28,216,30021,Bitwuzla
QF_ABV/stp_samples/run_00000.trace.cond_021530_0x7c80ab96_00,28,216,30282,Bitwuzla
QF_ABV/stp_samples/run_00000.trace.cond_021534_0x7c80aba4_00,28,216,30804,Bitwuzla
QF_ABV/stp_samples/run_00000.trace.cond_022152_0x7c80a939_00,28,216,31275,Bitwuzla
QF_ABV/stp_samples/run_00000.trace.cond_022198_0x7c80ab39_00,28,216,31446,Bitwuzla
QF_ABV/stp_samples/run_00000.trace.cond_022207_0x7c80ab56_00,28,216,31547,Bitwuzla
QF_ABV/stp_samples/run_00000.trace.cond_022301_0x9503aad_00,32,248,35909,Bitwuzla
QF_ABV/stp_samples/run_00000.trace.cond_022628_0x9502edb_00,36,280,38240,Bitwuzla
QF_ABV/stp_samples/run_00000.trace.cond_022643_0x9502eaf_00,36,280,39077,Bitwuzla
