Instance,,PanSampler,,,JFSampling,
,,#sol,time,,#sol,time
QF_BVFP/20170428-Liew-KLEE/aachen_real_diction_style.x86_64/query.27,,5,38.5,,9,300.0
QF_BVFP/20170428-Liew-KLEE/aachen_real_gmp_gmp_klee_integer.x86_64/query.10,,1,0.7,,1,300.0
QF_BVFP/20170428-Liew-KLEE/aachen_real_numerical_recipes_gaussj.x86_64/query.01,,10,0.8,,14,0.7
QF_BVFP/20170428-Liew-KLEE/aachen_real_numerical_recipes_qrdcmp.x86_64/query.1,,1,9.0,,1,300.0
QF_BVFP/20170428-Liew-KLEE/aachen_real_wxpro_tostr.x86_64/query.32,,- -,- -,,43,1.2
QF_BVFP/20170428-Liew-KLEE/aachen_real_wxpro_tostr.x86_64/query.57,,- -,- -,,- -,- -
QF_BVFP/20170428-Liew-KLEE/aachen_real_wxpro_tostr.x86_64/query.68,,- -,- -,,115,1.5
QF_BVFP/20170428-Liew-KLEE/aachen_syn_halve_longdouble-flow.x86_64/query.0,,5,0.2,,- -,- -
QF_BVFP/20170428-Liew-KLEE/aachen_syn_mod_double.x86_64/query.00,,32,0.6,,22,0.7
QF_BVFP/20170428-Liew-KLEE/aachen_syn_sqr_double-flow.x86_64/query.5,,- -,- -,,- -,- -
QF_BVFP/20170428-Liew-KLEE/aachen_syn_sqr_double-noflow.x86_64/query.1,,- -,- -,,10,0.8
QF_BVFP/20170428-Liew-KLEE/aachen_syn_sqr_double-noflow.x86_64/query.2,,7,193.2,,16,0.8
QF_BVFP/20170428-Liew-KLEE/aachen_syn_sqr_double-noflow.x86_64/query.3,,- -,- -,,- -,- -
QF_BVFP/20170428-Liew-KLEE/aachen_syn_sqr_float-noflow.x86_64/query.3,,14,80.3,,42,0.8
QF_BVFP/20170428-Liew-KLEE/aachen_syn_sqr_longdouble-noflow.x86_64/query.1,,- -,- -,,- -,- -
QF_BVFP/20170428-Liew-KLEE/imperial_gsl_benchmarks_blas_klee_bug.x86_64/query.2,,4,9.3,,- -,- -
QF_BVFP/20170428-Liew-KLEE/imperial_gsl_benchmarks_blas_klee_correct.x86_64/query.4,,- -,- -,,- -,- -
QF_BVFP/20170428-Liew-KLEE/imperial_gsl_benchmarks_differentiation_klee.x86_64/query.10,,- -,- -,,- -,- -
QF_BVFP/20170428-Liew-KLEE/imperial_gsl_benchmarks_polyroots_klee_high_degree_bug.x86_64/query.01,,3,0.5,,4,300.0
QF_BVFP/20170428-Liew-KLEE/imperial_gsl_benchmarks_sort_smallest_klee.x86_64/query.0022,,35,26.8,,86,0.8
QF_BVFP/20170428-Liew-KLEE/imperial_gsl_benchmarks_sort_smallest_klee.x86_64/query.0023,,6,5.8,,18,0.8
QF_BVFP/20170428-Liew-KLEE/imperial_gsl_benchmarks_sort_smallest_klee.x86_64/query.0034,,6,4.9,,- -,- -
QF_BVFP/20170428-Liew-KLEE/imperial_gsl_benchmarks_sort_smallest_klee.x86_64/query.0040,,6,6.1,,240,0.8
QF_BVFP/20170428-Liew-KLEE/imperial_gsl_benchmarks_sort_smallest_klee.x86_64/query.0051,,17,20.2,,- -,- -
QF_BVFP/20170428-Liew-KLEE/imperial_gsl_benchmarks_sort_smallest_klee.x86_64/query.0053,,16,13.3,,- -,- -
QF_BVFP/20170428-Liew-KLEE/imperial_gsl_benchmarks_sort_smallest_klee.x86_64/query.0056,,28,26.7,,67,0.8
QF_BVFP/20170428-Liew-KLEE/imperial_gsl_benchmarks_sort_smallest_klee.x86_64/query.0083,,16,17.8,,- -,- -
QF_BVFP/20170428-Liew-KLEE/imperial_gsl_benchmarks_sort_smallest_klee.x86_64/query.0112,,41,45.7,,- -,- -
QF_BVFP/20170428-Liew-KLEE/imperial_gsl_benchmarks_sort_smallest_klee.x86_64/query.0128,,10,9.6,,- -,- -
QF_BVFP/20170428-Liew-KLEE/imperial_gsl_benchmarks_sort_smallest_klee.x86_64/query.0131,,10,10.7,,- -,- -
QF_BVFP/20170428-Liew-KLEE/imperial_gsl_benchmarks_sort_smallest_klee.x86_64/query.0151,,16,19.3,,- -,- -
QF_BVFP/20170428-Liew-KLEE/imperial_gsl_benchmarks_sort_smallest_klee.x86_64/query.0165,,91,136.3,,- -,- -
QF_BVFP/20170428-Liew-KLEE/imperial_gsl_benchmarks_sort_smallest_klee.x86_64/query.0232,,24,22.3,,- -,- -
QF_BVFP/20170428-Liew-KLEE/imperial_gsl_benchmarks_sort_smallest_klee.x86_64/query.0245,,8,10.8,,- -,- -
QF_BVFP/20170428-Liew-KLEE/imperial_gsl_benchmarks_sort_smallest_klee.x86_64/query.0264,,14,10.8,,- -,- -
QF_BVFP/20170428-Liew-KLEE/imperial_gsl_benchmarks_sort_smallest_klee.x86_64/query.0278,,20,18.0,,- -,- -
QF_BVFP/20170428-Liew-KLEE/imperial_gsl_benchmarks_sort_smallest_klee.x86_64/query.0331,,21,19.0,,- -,- -
QF_BVFP/20170428-Liew-KLEE/imperial_gsl_benchmarks_sort_smallest_klee.x86_64/query.0346,,20,19.1,,- -,- -
QF_BVFP/20170428-Liew-KLEE/imperial_gsl_benchmarks_sort_smallest_klee.x86_64/query.0367,,30,30.5,,- -,- -
QF_BVFP/20170428-Liew-KLEE/imperial_gsl_benchmarks_sort_smallest_klee.x86_64/query.0376,,20,21.3,,- -,- -
QF_BVFP/20170428-Liew-KLEE/imperial_gsl_benchmarks_sort_smallest_klee.x86_64/query.0399,,28,36.6,,- -,- -
QF_BVFP/20170428-Liew-KLEE/imperial_gsl_benchmarks_sort_smallest_klee.x86_64/query.0426,,26,25.2,,- -,- -
QF_BVFP/20170428-Liew-KLEE/imperial_gsl_benchmarks_sort_smallest_klee.x86_64/query.0440,,6,7.7,,113,0.8
QF_BVFP/20170428-Liew-KLEE/imperial_gsl_benchmarks_sort_smallest_klee.x86_64/query.0468,,15,20.5,,- -,- -
QF_BVFP/20170428-Liew-KLEE/imperial_gsl_benchmarks_sort_smallest_klee.x86_64/query.0478,,24,27.1,,- -,- -
QF_BVFP/20170428-Liew-KLEE/imperial_gsl_benchmarks_sort_smallest_klee.x86_64/query.0635,,25,26.2,,- -,- -
QF_BVFP/20170428-Liew-KLEE/imperial_gsl_benchmarks_sort_smallest_klee.x86_64/query.0655,,10,12.9,,141,0.9
QF_BVFP/20170428-Liew-KLEE/imperial_gsl_benchmarks_sort_smallest_klee.x86_64/query.0660,,28,34.1,,- -,- -
QF_BVFP/20170428-Liew-KLEE/imperial_gsl_benchmarks_sort_smallest_klee.x86_64/query.0671,,19,19.7,,- -,- -
QF_BVFP/20170428-Liew-KLEE/imperial_gsl_benchmarks_sort_smallest_klee.x86_64/query.0672,,24,33.6,,349,0.8
QF_BVFP/20170428-Liew-KLEE/imperial_gsl_benchmarks_sort_smallest_klee.x86_64/query.0716,,26,34.9,,- -,- -
QF_BVFP/20170428-Liew-KLEE/imperial_gsl_benchmarks_sort_smallest_klee.x86_64/query.0757,,35,31.9,,- -,- -
QF_BVFP/20170428-Liew-KLEE/imperial_gsl_benchmarks_sort_smallest_klee.x86_64/query.0809,,17,23.8,,- -,- -
QF_BVFP/20170428-Liew-KLEE/imperial_gsl_benchmarks_sort_smallest_klee.x86_64/query.0854,,34,31.6,,- -,- -
QF_BVFP/20170428-Liew-KLEE/imperial_gsl_benchmarks_sort_smallest_klee.x86_64/query.0867,,9,12.6,,- -,- -
QF_BVFP/20170428-Liew-KLEE/imperial_gsl_benchmarks_sort_smallest_klee.x86_64/query.0892,,33,31.2,,- -,- -
QF_BVFP/20170428-Liew-KLEE/imperial_gsl_benchmarks_sort_smallest_klee.x86_64/query.0919,,16,21.0,,- -,- -
QF_BVFP/20170428-Liew-KLEE/imperial_gsl_benchmarks_sort_smallest_klee.x86_64/query.0959,,38,55.2,,- -,- -
QF_BVFP/20170428-Liew-KLEE/imperial_gsl_benchmarks_sort_smallest_klee.x86_64/query.1004,,14,20.1,,- -,- -
QF_BVFP/20170428-Liew-KLEE/imperial_gsl_benchmarks_sort_smallest_klee.x86_64/query.1029,,21,21.9,,- -,- -
QF_BVFP/20170428-Liew-KLEE/imperial_gsl_benchmarks_sort_smallest_klee.x86_64/query.1049,,22,33.1,,- -,- -
QF_BVFP/20170428-Liew-KLEE/imperial_gsl_benchmarks_sort_smallest_klee.x86_64/query.1103,,20,18.4,,- -,- -
QF_BVFP/20170428-Liew-KLEE/imperial_gsl_benchmarks_sort_smallest_klee.x86_64/query.1163,,16,17.9,,- -,- -
QF_BVFP/20170428-Liew-KLEE/imperial_gsl_benchmarks_sort_smallest_klee.x86_64/query.1172,,18,24.5,,- -,- -
QF_BVFP/20170428-Liew-KLEE/imperial_gsl_benchmarks_sort_smallest_klee.x86_64/query.1208,,36,37.0,,- -,- -
QF_BVFP/20170428-Liew-KLEE/imperial_gsl_benchmarks_sort_smallest_klee.x86_64/query.1237,,80,111.7,,- -,- -
QF_BVFP/20170428-Liew-KLEE/imperial_gsl_benchmarks_sort_smallest_klee.x86_64/query.1278,,25,34.8,,- -,- -
QF_BVFP/20170428-Liew-KLEE/imperial_gsl_benchmarks_sort_smallest_klee.x86_64/query.1444,,9,13.2,,- -,- -
QF_BVFP/20170428-Liew-KLEE/imperial_gsl_benchmarks_sort_smallest_klee.x86_64/query.1547,,15,15.4,,- -,- -
QF_BVFP/20170428-Liew-KLEE/imperial_gsl_benchmarks_sort_smallest_klee.x86_64/query.1559,,8,11.6,,86,0.9
QF_BVFP/20170428-Liew-KLEE/imperial_gsl_benchmarks_sort_smallest_klee.x86_64/query.1754,,14,21.9,,- -,- -
QF_BVFP/20170428-Liew-KLEE/imperial_gsl_benchmarks_sort_smallest_klee.x86_64/query.1913,,55,59.9,,387,0.9
QF_BVFP/20170428-Liew-KLEE/imperial_gsl_benchmarks_sort_smallest_klee.x86_64/query.1987,,21,26.6,,414,0.8
QF_BVFP/20170428-Liew-KLEE/imperial_gsl_benchmarks_sort_smallest_klee.x86_64/query.2078,,28,25.1,,- -,- -
QF_BVFP/20170428-Liew-KLEE/imperial_gsl_benchmarks_sort_smallest_klee.x86_64/query.2092,,16,21.3,,- -,- -
QF_BVFP/20170428-Liew-KLEE/imperial_gsl_benchmarks_sort_smallest_klee.x86_64/query.2186,,35,33.4,,- -,- -
QF_BVFP/20170428-Liew-KLEE/imperial_gsl_benchmarks_sort_smallest_klee.x86_64/query.2240,,34,37.6,,- -,- -
QF_BVFP/20170428-Liew-KLEE/imperial_gsl_benchmarks_sort_smallest_klee.x86_64/query.2271,,20,19.0,,- -,- -
QF_BVFP/20170428-Liew-KLEE/imperial_gsl_benchmarks_sort_smallest_klee.x86_64/query.2273,,8,12.9,,224,0.8
QF_BVFP/20170428-Liew-KLEE/imperial_gsl_benchmarks_sort_smallest_klee.x86_64/query.2356,,18,19.7,,- -,- -
QF_BVFP/20170428-Liew-KLEE/imperial_gsl_benchmarks_sort_smallest_klee.x86_64/query.2422,,13,17.6,,- -,- -
QF_BVFP/20170428-Liew-KLEE/imperial_gsl_benchmarks_sort_smallest_klee.x86_64/query.2557,,20,23.7,,- -,- -
QF_BVFP/20170428-Liew-KLEE/imperial_gsl_benchmarks_sort_smallest_klee.x86_64/query.2571,,85,127.6,,96,0.9
QF_BVFP/20170428-Liew-KLEE/imperial_gsl_benchmarks_sort_smallest_klee.x86_64/query.2590,,7,10.4,,969,0.8
QF_BVFP/20170428-Liew-KLEE/imperial_gsl_benchmarks_sort_smallest_klee_bug.x86_64/query.0023,,16,11.7,,- -,- -
QF_BVFP/20170428-Liew-KLEE/imperial_gsl_benchmarks_sort_smallest_klee_bug.x86_64/query.0384,,6,6.8,,- -,- -
QF_BVFP/20170428-Liew-KLEE/imperial_gsl_benchmarks_sort_smallest_klee_bug.x86_64/query.0436,,43,62.3,,146,0.8
QF_BVFP/20170428-Liew-KLEE/imperial_gsl_benchmarks_sort_smallest_klee_bug.x86_64/query.0456,,20,23.6,,- -,- -
QF_BVFP/20170428-Liew-KLEE/imperial_gsl_benchmarks_sort_smallest_klee_bug.x86_64/query.0504,,44,63.7,,- -,- -
QF_BVFP/20170428-Liew-KLEE/imperial_gsl_benchmarks_sort_smallest_klee_bug.x86_64/query.0516,,21,20.2,,- -,- -
QF_BVFP/20170428-Liew-KLEE/imperial_gsl_benchmarks_sort_smallest_klee_bug.x86_64/query.0624,,7,8.9,,- -,- -
QF_BVFP/20170428-Liew-KLEE/imperial_gsl_benchmarks_sort_smallest_klee_bug.x86_64/query.0685,,43,35.8,,- -,- -
QF_BVFP/20170428-Liew-KLEE/imperial_gsl_benchmarks_sort_smallest_klee_bug.x86_64/query.0913,,22,23.5,,- -,- -
QF_BVFP/20170428-Liew-KLEE/imperial_gsl_benchmarks_sort_smallest_klee_bug.x86_64/query.0928,,34,38.6,,- -,- -
QF_BVFP/20170428-Liew-KLEE/imperial_gsl_benchmarks_sort_smallest_klee_bug.x86_64/query.0930,,21,26.5,,108,0.8
QF_BVFP/20170428-Liew-KLEE/imperial_gsl_benchmarks_sort_smallest_klee_bug.x86_64/query.1133,,18,20.5,,- -,- -
QF_BVFP/20170428-Liew-KLEE/imperial_gsl_benchmarks_sort_smallest_klee_bug.x86_64/query.1137,,21,30.4,,713,0.8
QF_BVFP/20170428-Liew-KLEE/imperial_gsl_benchmarks_sort_smallest_klee_bug.x86_64/query.1196,,6,9.3,,100,0.8
QF_BVFP/20170428-Liew-KLEE/imperial_gsl_benchmarks_sort_smallest_klee_bug.x86_64/query.1234,,31,43.1,,- -,- -
QF_BVFP/20170428-Liew-KLEE/imperial_gsl_benchmarks_sort_smallest_klee_bug.x86_64/query.1255,,6,8.4,,- -,- -
QF_BVFP/20170428-Liew-KLEE/imperial_gsl_benchmarks_sort_smallest_klee_bug.x86_64/query.1266,,14,17.6,,- -,- -
QF_BVFP/20170428-Liew-KLEE/imperial_gsl_benchmarks_sort_smallest_klee_bug.x86_64/query.1371,,7,10.4,,407,0.8
QF_BVFP/20170428-Liew-KLEE/imperial_gsl_benchmarks_sort_smallest_klee_bug.x86_64/query.1374,,5,7.1,,- -,- -
QF_BVFP/20170428-Liew-KLEE/imperial_gsl_benchmarks_sort_smallest_klee_bug.x86_64/query.1432,,32,38.7,,- -,- -
QF_BVFP/20170428-Liew-KLEE/imperial_gsl_benchmarks_sort_smallest_klee_bug.x86_64/query.1491,,6,9.1,,- -,- -
QF_BVFP/20170428-Liew-KLEE/imperial_gsl_benchmarks_sort_smallest_klee_bug.x86_64/query.1523,,31,36.6,,- -,- -
QF_BVFP/20170428-Liew-KLEE/imperial_gsl_benchmarks_sort_smallest_klee_bug.x86_64/query.1610,,30,35.1,,- -,- -
QF_BVFP/20170428-Liew-KLEE/imperial_gsl_benchmarks_sort_smallest_klee_bug.x86_64/query.1622,,8,11.5,,- -,- -
QF_BVFP/20170428-Liew-KLEE/imperial_gsl_benchmarks_sort_smallest_klee_bug.x86_64/query.1625,,17,20.9,,- -,- -
QF_BVFP/20170428-Liew-KLEE/imperial_gsl_benchmarks_sort_smallest_klee_bug.x86_64/query.1692,,11,14.0,,- -,- -
QF_BVFP/20170428-Liew-KLEE/imperial_gsl_benchmarks_sort_smallest_klee_bug.x86_64/query.1766,,19,24.7,,- -,- -
QF_BVFP/20170428-Liew-KLEE/imperial_gsl_benchmarks_sort_smallest_klee_bug.x86_64/query.1900,,13,19.9,,- -,- -
QF_BVFP/20170428-Liew-KLEE/imperial_gsl_benchmarks_sort_smallest_klee_bug.x86_64/query.1906,,23,33.5,,- -,- -
QF_BVFP/20170428-Liew-KLEE/imperial_gsl_benchmarks_sort_smallest_klee_bug.x86_64/query.1907,,7,9.5,,246,0.8
QF_BVFP/20170428-Liew-KLEE/imperial_gsl_benchmarks_sort_smallest_klee_bug.x86_64/query.1960,,22,21.9,,- -,- -
QF_BVFP/20170428-Liew-KLEE/imperial_gsl_benchmarks_sort_smallest_klee_bug.x86_64/query.1975,,18,18.6,,- -,- -
QF_BVFP/20170428-Liew-KLEE/imperial_gsl_benchmarks_sort_smallest_klee_bug.x86_64/query.2063,,17,17.0,,- -,- -
QF_BVFP/20170428-Liew-KLEE/imperial_gsl_benchmarks_sort_smallest_klee_bug.x86_64/query.2065,,6,8.7,,- -,- -
QF_BVFP/20170428-Liew-KLEE/imperial_gsl_benchmarks_sort_smallest_klee_bug.x86_64/query.2077,,22,33.1,,- -,- -
QF_BVFP/20170428-Liew-KLEE/imperial_gsl_benchmarks_sort_smallest_klee_bug.x86_64/query.2108,,25,28.9,,- -,- -
QF_BVFP/20170428-Liew-KLEE/imperial_gsl_benchmarks_sort_smallest_klee_bug.x86_64/query.2165,,16,23.2,,- -,- -
QF_BVFP/20170428-Liew-KLEE/imperial_gsl_benchmarks_sort_smallest_klee_bug.x86_64/query.2167,,14,16.8,,- -,- -
QF_BVFP/20170428-Liew-KLEE/imperial_gsl_benchmarks_sort_smallest_klee_bug.x86_64/query.2189,,26,31.6,,- -,- -
QF_BVFP/20170428-Liew-KLEE/imperial_gsl_benchmarks_sort_smallest_klee_bug.x86_64/query.2200,,47,55.1,,156,0.8
QF_BVFP/20170428-Liew-KLEE/imperial_gsl_benchmarks_sort_smallest_klee_bug.x86_64/query.2202,,59,68.9,,169,0.8
QF_BVFP/20170428-Liew-KLEE/imperial_svcomp_float-benchs_svcomp_bary_diverge.x86_64/query.01,,343,39.0,,11,0.7
QF_BVFP/20170428-Liew-KLEE/imperial_svcomp_float-benchs_svcomp_bary_diverge.x86_64/query.07,,9,0.7,,6,0.7
QF_BVFP/20170428-Liew-KLEE/imperial_svcomp_float-benchs_svcomp_exp_loop.c.x86_64/query.053,,11,1.5,,12,0.9
QF_BVFP/20170428-Liew-KLEE/imperial_svcomp_float-benchs_svcomp_exp_loop.c.x86_64/query.077,,3,0.7,,12,0.9
QF_BVFP/20170428-Liew-KLEE/imperial_svcomp_float-benchs_svcomp_filter2_set.x86_64/query.01,,- -,- -,,13,138.1
QF_BVFP/20170428-Liew-KLEE/imperial_svcomp_float-benchs_svcomp_filter2_set.x86_64/query.17,,6,1.0,,17,58.0
QF_BVFP/20170428-Liew-KLEE/imperial_svcomp_float-benchs_svcomp_mea8000.x86_64/query.00100,,703,13.9,,- -,- -
QF_BVFP/20170428-Liew-KLEE/imperial_svcomp_float-benchs_svcomp_mea8000.x86_64/query.00104,,90,2.4,,- -,- -
QF_BVFP/20170428-Liew-KLEE/imperial_svcomp_float-benchs_svcomp_mea8000.x86_64/query.00116,,13,0.3,,- -,- -
QF_BVFP/20170428-Liew-KLEE/imperial_svcomp_float-benchs_svcomp_mea8000.x86_64/query.00128,,- -,- -,,- -,- -
QF_BVFP/20170428-Liew-KLEE/imperial_svcomp_float-benchs_svcomp_mea8000.x86_64/query.00195,,- -,- -,,4,0.7
QF_BVFP/20170428-Liew-KLEE/imperial_svcomp_float-benchs_svcomp_mea8000.x86_64/query.00213,,8,1.2,,11,0.7
QF_BVFP/20170428-Liew-KLEE/imperial_svcomp_float-benchs_svcomp_mea8000.x86_64/query.00220,,29,0.7,,- -,- -
QF_BVFP/20170428-Liew-KLEE/imperial_svcomp_float-benchs_svcomp_mea8000.x86_64/query.00221,,249,22.9,,- -,- -
QF_BVFP/20170428-Liew-KLEE/imperial_svcomp_float-benchs_svcomp_mea8000.x86_64/query.00234,,4,0.6,,11,0.7
QF_BVFP/20170428-Liew-KLEE/imperial_svcomp_float-benchs_svcomp_mea8000.x86_64/query.00242,,36,0.8,,629,0.7
QF_BVFP/20170428-Liew-KLEE/imperial_svcomp_float-benchs_svcomp_mea8000.x86_64/query.00350,,53,1.4,,- -,- -
QF_BVFP/20170428-Liew-KLEE/imperial_svcomp_float-benchs_svcomp_mea8000.x86_64/query.00365,,3,0.1,,- -,- -
QF_BVFP/20170428-Liew-KLEE/imperial_svcomp_float-benchs_svcomp_mea8000.x86_64/query.00378,,15,1.7,,26,0.7
QF_BVFP/20170428-Liew-KLEE/imperial_svcomp_float-benchs_svcomp_mea8000.x86_64/query.00443,,23,0.5,,- -,- -
QF_BVFP/20170428-Liew-KLEE/imperial_svcomp_float-benchs_svcomp_mea8000.x86_64/query.00454,,131,4.4,,- -,- -
QF_BVFP/20170428-Liew-KLEE/imperial_svcomp_float-benchs_svcomp_mea8000.x86_64/query.00462,,801,203.0,,26,0.7
QF_BVFP/20170428-Liew-KLEE/imperial_svcomp_float-benchs_svcomp_mea8000.x86_64/query.00522,,137,19.9,,14,0.7
QF_BVFP/20170428-Liew-KLEE/imperial_svcomp_float-benchs_svcomp_mea8000.x86_64/query.00554,,26,0.6,,- -,- -
QF_BVFP/20170428-Liew-KLEE/imperial_svcomp_float-benchs_svcomp_mea8000.x86_64/query.00574,,3,0.1,,- -,- -
QF_BVFP/20170428-Liew-KLEE/imperial_svcomp_float-benchs_svcomp_mea8000.x86_64/query.00607,,461,16.4,,629,0.7
QF_BVFP/20170428-Liew-KLEE/imperial_svcomp_float-benchs_svcomp_mea8000.x86_64/query.00610,,3,0.1,,- -,- -
QF_BVFP/20170428-Liew-KLEE/imperial_svcomp_float-benchs_svcomp_mea8000.x86_64/query.00628,,51,0.9,,- -,- -
QF_BVFP/20170428-Liew-KLEE/imperial_svcomp_float-benchs_svcomp_mea8000.x86_64/query.00635,,3,0.1,,629,0.7
QF_BVFP/20170428-Liew-KLEE/imperial_svcomp_float-benchs_svcomp_mea8000.x86_64/query.00653,,4,0.1,,- -,- -
QF_BVFP/20170428-Liew-KLEE/imperial_svcomp_float-benchs_svcomp_mea8000.x86_64/query.00672,,239,31.6,,26,0.7
QF_BVFP/20170428-Liew-KLEE/imperial_svcomp_float-benchs_svcomp_mea8000.x86_64/query.00682,,20,0.3,,629,0.7
QF_BVFP/20170428-Liew-KLEE/imperial_svcomp_float-benchs_svcomp_mea8000.x86_64/query.00692,,672,13.8,,- -,- -
QF_BVFP/20170428-Liew-KLEE/imperial_svcomp_float-benchs_svcomp_mea8000.x86_64/query.00726,,7,1.0,,14,0.7
QF_BVFP/20170428-Liew-KLEE/imperial_svcomp_float-benchs_svcomp_mea8000.x86_64/query.00739,,17,0.3,,- -,- -
QF_BVFP/20170428-Liew-KLEE/imperial_svcomp_float-benchs_svcomp_mea8000.x86_64/query.00768,,4,0.6,,14,0.7
QF_BVFP/20170428-Liew-KLEE/imperial_svcomp_float-benchs_svcomp_mea8000.x86_64/query.00880,,35,0.7,,- -,- -
QF_BVFP/20170428-Liew-KLEE/imperial_svcomp_float-benchs_svcomp_mea8000.x86_64/query.00881,,25,0.7,,- -,- -
QF_BVFP/20170428-Liew-KLEE/imperial_svcomp_float-benchs_svcomp_mea8000.x86_64/query.00895,,131,2.7,,- -,- -
QF_BVFP/20170428-Liew-KLEE/imperial_svcomp_float-benchs_svcomp_mea8000.x86_64/query.00897,,- -,- -,,14,0.7
QF_BVFP/20170428-Liew-KLEE/imperial_svcomp_float-benchs_svcomp_mea8000.x86_64/query.00922,,787,114.7,,- -,- -
QF_BVFP/20170428-Liew-KLEE/imperial_svcomp_float-benchs_svcomp_mea8000.x86_64/query.00924,,13,1.4,,14,0.7
QF_BVFP/20170428-Liew-KLEE/imperial_svcomp_float-benchs_svcomp_mea8000.x86_64/query.00939,,12,1.9,,14,0.7
QF_BVFP/20170428-Liew-KLEE/imperial_svcomp_float-benchs_svcomp_mea8000.x86_64/query.00954,,5,0.8,,14,0.7
QF_BVFP/20170428-Liew-KLEE/imperial_svcomp_float-benchs_svcomp_mea8000.x86_64/query.00989,,9,0.2,,629,0.7
QF_BVFP/20170428-Liew-KLEE/imperial_svcomp_float-benchs_svcomp_mea8000.x86_64/query.00991,,3,0.1,,- -,- -
QF_BVFP/20170428-Liew-KLEE/imperial_svcomp_float-benchs_svcomp_mea8000.x86_64/query.01090,,3,0.1,,- -,- -
QF_BVFP/20170428-Liew-KLEE/imperial_svcomp_float-benchs_svcomp_mea8000.x86_64/query.01116,,21,2.6,,24,0.7
QF_BVFP/20170428-Liew-KLEE/imperial_svcomp_float-benchs_svcomp_mea8000.x86_64/query.01169,,- -,- -,,- -,- -
QF_BVFP/20170428-Liew-KLEE/imperial_svcomp_float-benchs_svcomp_mea8000.x86_64/query.01170,,4,0.6,,14,0.7
QF_BVFP/20170428-Liew-KLEE/imperial_svcomp_float-benchs_svcomp_mea8000.x86_64/query.01176,,33,5.1,,22,0.7
QF_BVFP/20170428-Liew-KLEE/imperial_svcomp_float-benchs_svcomp_mea8000.x86_64/query.01192,,5,0.1,,- -,- -
QF_BVFP/20170428-Liew-KLEE/imperial_svcomp_float-benchs_svcomp_mea8000.x86_64/query.01267,,24,0.5,,- -,- -
QF_BVFP/20170428-Liew-KLEE/imperial_svcomp_float-benchs_svcomp_mea8000.x86_64/query.01291,,3,0.1,,- -,- -
QF_BVFP/20170428-Liew-KLEE/imperial_svcomp_float-benchs_svcomp_mea8000.x86_64/query.01333,,45,0.9,,- -,- -
QF_BVFP/20170428-Liew-KLEE/imperial_svcomp_float-benchs_svcomp_mea8000.x86_64/query.01372,,3,0.1,,- -,- -
QF_BVFP/20170428-Liew-KLEE/imperial_svcomp_float-benchs_svcomp_mea8000.x86_64/query.01394,,109,2.3,,629,0.7
QF_BVFP/20170428-Liew-KLEE/imperial_svcomp_float-benchs_svcomp_mea8000.x86_64/query.01402,,28,0.6,,- -,- -
QF_BVFP/20170428-Liew-KLEE/imperial_svcomp_float-benchs_svcomp_mea8000.x86_64/query.01426,,3,0.1,,- -,- -
QF_BVFP/20170428-Liew-KLEE/imperial_svcomp_float-benchs_svcomp_mea8000.x86_64/query.01433,,6,0.1,,629,0.7
QF_BVFP/20170428-Liew-KLEE/imperial_svcomp_float-benchs_svcomp_mea8000.x86_64/query.01439,,17,0.3,,629,0.7
QF_BVFP/20170428-Liew-KLEE/imperial_svcomp_float-benchs_svcomp_mea8000.x86_64/query.01458,,5,0.6,,24,0.7
QF_BVFP/20170428-Liew-KLEE/imperial_svcomp_float-benchs_svcomp_mea8000.x86_64/query.01464,,5,0.8,,10,0.7
QF_BVFP/20170428-Liew-KLEE/imperial_svcomp_float-benchs_svcomp_mea8000.x86_64/query.01522,,4,0.1,,- -,- -
QF_BVFP/20170428-Liew-KLEE/imperial_svcomp_float-benchs_svcomp_mea8000.x86_64/query.01614,,14,1.9,,26,0.7
QF_BVFP/20170428-Liew-KLEE/imperial_svcomp_float-benchs_svcomp_mea8000.x86_64/query.01628,,3,0.1,,- -,- -
QF_BVFP/20170428-Liew-KLEE/imperial_svcomp_float-benchs_svcomp_mea8000.x86_64/query.01651,,3,0.1,,- -,- -
QF_BVFP/20170428-Liew-KLEE/imperial_svcomp_float-benchs_svcomp_mea8000.x86_64/query.01652,,4,0.1,,- -,- -
QF_BVFP/20170428-Liew-KLEE/imperial_svcomp_float-benchs_svcomp_mea8000.x86_64/query.01686,,120,27.0,,8,0.7
QF_BVFP/20170428-Liew-KLEE/imperial_svcomp_float-benchs_svcomp_mea8000.x86_64/query.01721,,- -,- -,,- -,- -
QF_BVFP/20170428-Liew-KLEE/imperial_svcomp_float-benchs_svcomp_mea8000.x86_64/query.01725,,25,4.0,,14,0.7
QF_BVFP/20170428-Liew-KLEE/imperial_svcomp_float-benchs_svcomp_mea8000.x86_64/query.01741,,33,0.5,,- -,- -
QF_BVFP/20170428-Liew-KLEE/imperial_svcomp_float-benchs_svcomp_mea8000.x86_64/query.01744,,- -,- -,,- -,- -
QF_BVFP/20170428-Liew-KLEE/imperial_svcomp_float-benchs_svcomp_mea8000.x86_64/query.01745,,3,0.1,,- -,- -
QF_BVFP/20170428-Liew-KLEE/imperial_svcomp_float-benchs_svcomp_mea8000.x86_64/query.01756,,- -,- -,,- -,- -
QF_BVFP/20170428-Liew-KLEE/imperial_svcomp_float-benchs_svcomp_mea8000.x86_64/query.01803,,35,4.3,,24,0.7
QF_BVFP/20170428-Liew-KLEE/imperial_svcomp_float-benchs_svcomp_mea8000.x86_64/query.01830,,8,1.2,,11,0.7
QF_BVFP/20170428-Liew-KLEE/imperial_svcomp_float-benchs_svcomp_mea8000.x86_64/query.01833,,12,1.4,,10,0.7
QF_BVFP/20170428-Liew-KLEE/imperial_svcomp_float-benchs_svcomp_mea8000.x86_64/query.01850,,5,0.1,,- -,- -
QF_BVFP/20170428-Liew-KLEE/imperial_svcomp_float-benchs_svcomp_mea8000.x86_64/query.01914,,50,7.0,,10,0.7
QF_BVFP/20170428-Liew-KLEE/imperial_svcomp_float-benchs_svcomp_mea8000.x86_64/query.01937,,19,0.3,,- -,- -
QF_BVFP/20170428-Liew-KLEE/imperial_svcomp_float-benchs_svcomp_mea8000.x86_64/query.01983,,45,6.0,,14,0.7
QF_BVFP/20170428-Liew-KLEE/imperial_svcomp_float-benchs_svcomp_mea8000.x86_64/query.02046,,6,1.0,,14,0.7
QF_BVFP/20170428-Liew-KLEE/imperial_svcomp_float-benchs_svcomp_mea8000.x86_64/query.02061,,16,2.6,,4,0.7
QF_BVFP/20170428-Liew-KLEE/imperial_svcomp_float-benchs_svcomp_mea8000.x86_64/query.02074,,41,0.9,,- -,- -
QF_BVFP/20170428-Liew-KLEE/imperial_svcomp_float-benchs_svcomp_mea8000.x86_64/query.02092,,77,1.2,,629,0.7
QF_BVFP/20170428-Liew-KLEE/imperial_svcomp_float-benchs_svcomp_mea8000.x86_64/query.02103,,68,10.4,,24,0.7
QF_BVFP/20170428-Liew-KLEE/imperial_svcomp_float-benchs_svcomp_mea8000.x86_64/query.02146,,25,0.5,,629,0.7
QF_BVFP/20170428-Liew-KLEE/imperial_svcomp_float-benchs_svcomp_mea8000.x86_64/query.02150,,3,0.1,,- -,- -
QF_BVFP/20170428-Liew-KLEE/imperial_svcomp_float-benchs_svcomp_mea8000.x86_64/query.02231,,3,0.1,,629,0.7
QF_BVFP/20170428-Liew-KLEE/imperial_svcomp_float-benchs_svcomp_mea8000.x86_64/query.02273,,3,0.1,,- -,- -
QF_BVFP/20170428-Liew-KLEE/imperial_svcomp_float-benchs_svcomp_mea8000.x86_64/query.02282,,- -,- -,,- -,- -
QF_BVFP/20170428-Liew-KLEE/imperial_svcomp_float-benchs_svcomp_mea8000.x86_64/query.02288,,12,0.2,,- -,- -
QF_BVFP/20170428-Liew-KLEE/imperial_svcomp_float-benchs_svcomp_mea8000.x86_64/query.02307,,22,3.4,,14,0.7
QF_BVFP/20170428-Liew-KLEE/imperial_svcomp_float-benchs_svcomp_mea8000.x86_64/query.02310,,4,0.6,,14,0.7
QF_BVFP/20170428-Liew-KLEE/imperial_svcomp_float-benchs_svcomp_mea8000.x86_64/query.02324,,6,0.1,,- -,- -
QF_BVFP/20170428-Liew-KLEE/imperial_svcomp_float-benchs_svcomp_mea8000.x86_64/query.02345,,39,1.0,,- -,- -
QF_BVFP/20170428-Liew-KLEE/imperial_svcomp_float-benchs_svcomp_mea8000.x86_64/query.02351,,3,0.1,,- -,- -
QF_BVFP/20170428-Liew-KLEE/imperial_svcomp_float-benchs_svcomp_mea8000.x86_64/query.02354,,34,0.8,,- -,- -
QF_BVFP/20170428-Liew-KLEE/imperial_svcomp_float-benchs_svcomp_mea8000.x86_64/query.02375,,4,0.1,,- -,- -
QF_BVFP/20170428-Liew-KLEE/imperial_svcomp_float-benchs_svcomp_mea8000.x86_64/query.02379,,53,9.2,,17,0.7
QF_BVFP/20170428-Liew-KLEE/imperial_svcomp_float-benchs_svcomp_mea8000.x86_64/query.02421,,8,1.1,,26,0.7
QF_BVFP/20170428-Liew-KLEE/imperial_svcomp_float-benchs_svcomp_mea8000.x86_64/query.02439,,383,56.8,,10,0.7
QF_BVFP/20170428-Liew-KLEE/imperial_svcomp_float-benchs_svcomp_mea8000.x86_64/query.02440,,- -,- -,,- -,- -
QF_BVFP/20170428-Liew-KLEE/imperial_svcomp_float-benchs_svcomp_mea8000.x86_64/query.02451,,5,0.8,,14,0.7
QF_BVFP/20170428-Liew-KLEE/imperial_svcomp_float-benchs_svcomp_mea8000.x86_64/query.02459,,4,0.1,,629,0.7
QF_BVFP/20170428-Liew-KLEE/imperial_svcomp_float-benchs_svcomp_mea8000.x86_64/query.02467,,26,0.6,,629,0.7
QF_BVFP/20170428-Liew-KLEE/imperial_svcomp_float-benchs_svcomp_mea8000.x86_64/query.02471,,3,0.1,,- -,- -
QF_BVFP/20170428-Liew-KLEE/imperial_svcomp_float-benchs_svcomp_mea8000.x86_64/query.02477,,177,2.2,,- -,- -
QF_BVFP/20170428-Liew-KLEE/imperial_svcomp_float-benchs_svcomp_mea8000.x86_64/query.02486,,3,0.1,,- -,- -
QF_BVFP/20170428-Liew-KLEE/imperial_svcomp_float-benchs_svcomp_mea8000.x86_64/query.02573,,21,0.4,,- -,- -
QF_BVFP/20170428-Liew-KLEE/imperial_svcomp_float-benchs_svcomp_mea8000.x86_64/query.02598,,14,1.9,,10,0.7
QF_BVFP/20170428-Liew-KLEE/imperial_svcomp_float-benchs_svcomp_mea8000.x86_64/query.02657,,17,0.3,,- -,- -
QF_BVFP/20170428-Liew-KLEE/imperial_svcomp_float-benchs_svcomp_mea8000.x86_64/query.02689,,46,0.8,,- -,- -
QF_BVFP/20170428-Liew-KLEE/imperial_svcomp_float-benchs_svcomp_mea8000.x86_64/query.02703,,12,1.7,,22,0.7
QF_BVFP/20170428-Liew-KLEE/imperial_svcomp_float-benchs_svcomp_mea8000.x86_64/query.02718,,4,0.6,,8,0.7
QF_BVFP/20170428-Liew-KLEE/imperial_svcomp_float-benchs_svcomp_mea8000.x86_64/query.02722,,35,0.7,,- -,- -
QF_BVFP/20170428-Liew-KLEE/imperial_svcomp_float-benchs_svcomp_mea8000.x86_64/query.02747,,4,0.1,,- -,- -
QF_BVFP/20170428-Liew-KLEE/imperial_svcomp_float-benchs_svcomp_mea8000.x86_64/query.02752,,716,40.9,,- -,- -
QF_BVFP/20170428-Liew-KLEE/imperial_svcomp_float-benchs_svcomp_mea8000.x86_64/query.02863,,- -,- -,,- -,- -
QF_BVFP/20170428-Liew-KLEE/imperial_svcomp_float-benchs_svcomp_mea8000.x86_64/query.02865,,37,5.3,,11,0.7
QF_BVFP/20170428-Liew-KLEE/imperial_svcomp_float-benchs_svcomp_mea8000.x86_64/query.02891,,33,0.6,,- -,- -
QF_BVFP/20170428-Liew-KLEE/imperial_svcomp_float-benchs_svcomp_mea8000.x86_64/query.02911,,3,0.1,,- -,- -
QF_BVFP/20170428-Liew-KLEE/imperial_svcomp_float-benchs_svcomp_mea8000.x86_64/query.02955,,4,0.6,,8,0.7
QF_BVFP/20170428-Liew-KLEE/imperial_svcomp_float-benchs_svcomp_mea8000.x86_64/query.02986,,54,1.6,,629,0.7
QF_BVFP/20170428-Liew-KLEE/imperial_svcomp_float-benchs_svcomp_mea8000.x86_64/query.02992,,21,0.4,,- -,- -
QF_BVFP/20170428-Liew-KLEE/imperial_svcomp_float-benchs_svcomp_mea8000.x86_64/query.02996,,42,1.1,,- -,- -
QF_BVFP/20170428-Liew-KLEE/imperial_svcomp_float-benchs_svcomp_mea8000.x86_64/query.03010,,15,0.3,,- -,- -
QF_BVFP/20170428-Liew-KLEE/imperial_svcomp_float-benchs_svcomp_mea8000.x86_64/query.03011,,119,2.7,,- -,- -
QF_BVFP/20170428-Liew-KLEE/imperial_svcomp_float-benchs_svcomp_mea8000.x86_64/query.03017,,91,2.3,,- -,- -
QF_BVFP/20170428-Liew-KLEE/imperial_svcomp_float-benchs_svcomp_mea8000.x86_64/query.03034,,117,2.3,,- -,- -
QF_BVFP/20170428-Liew-KLEE/imperial_svcomp_float-benchs_svcomp_mea8000.x86_64/query.03041,,604,8.8,,- -,- -
QF_BVFP/20170428-Liew-KLEE/imperial_svcomp_float-benchs_svcomp_mea8000.x86_64/query.03058,,27,0.4,,629,0.7
QF_BVFP/20170428-Liew-KLEE/imperial_svcomp_float-benchs_svcomp_mea8000.x86_64/query.03116,,63,1.1,,- -,- -
QF_BVFP/20170428-Liew-KLEE/imperial_svcomp_float-benchs_svcomp_mea8000.x86_64/query.03131,,87,2.3,,- -,- -
QF_BVFP/20170428-Liew-KLEE/imperial_svcomp_float-benchs_svcomp_mea8000.x86_64/query.03133,,40,0.8,,- -,- -
QF_BVFP/20170428-Liew-KLEE/imperial_svcomp_float-benchs_svcomp_mea8000.x86_64/query.03151,,4,0.1,,- -,- -
QF_BVFP/20170428-Liew-KLEE/imperial_svcomp_float-benchs_svcomp_mea8000.x86_64/query.03214,,42,1.1,,- -,- -
QF_BVFP/20170428-Liew-KLEE/imperial_svcomp_float-benchs_svcomp_mea8000.x86_64/query.03215,,- -,- -,,- -,- -
QF_BVFP/20170428-Liew-KLEE/imperial_svcomp_float-benchs_svcomp_mea8000.x86_64/query.03217,,- -,- -,,- -,- -
QF_BVFP/20170428-Liew-KLEE/imperial_svcomp_float-benchs_svcomp_mea8000.x86_64/query.03221,,- -,- -,,- -,- -
QF_BVFP/20170428-Liew-KLEE/imperial_svcomp_float-benchs_svcomp_mea8000.x86_64/query.03234,,32,4.0,,8,0.7
QF_BVFP/20170428-Liew-KLEE/imperial_svcomp_float-benchs_svcomp_mea8000.x86_64/query.03247,,53,0.9,,- -,- -
QF_BVFP/20170428-Liew-KLEE/imperial_svcomp_float-benchs_svcomp_mea8000.x86_64/query.03251,,68,2.3,,- -,- -
QF_BVFP/20170428-Liew-KLEE/imperial_svcomp_float-benchs_svcomp_mea8000.x86_64/query.03268,,48,1.2,,- -,- -
QF_BVFP/20170428-Liew-KLEE/imperial_svcomp_float-benchs_svcomp_mea8000.x86_64/query.03294,,14,1.8,,17,0.7
QF_BVFP/20170428-Liew-KLEE/imperial_svcomp_float-benchs_svcomp_mea8000.x86_64/query.03361,,3,0.1,,629,0.7
QF_BVFP/20170428-Liew-KLEE/imperial_svcomp_float-benchs_svcomp_mea8000.x86_64/query.03367,,14,0.3,,- -,- -
QF_BVFP/20170428-Liew-KLEE/imperial_svcomp_float-benchs_svcomp_mea8000.x86_64/query.03369,,15,1.9,,4,0.7
QF_BVFP/20170428-Liew-KLEE/imperial_svcomp_float-benchs_svcomp_mea8000.x86_64/query.03383,,34,0.6,,- -,- -
QF_BVFP/20170428-Liew-KLEE/imperial_svcomp_float-benchs_svcomp_mea8000.x86_64/query.03389,,4,0.1,,- -,- -
QF_BVFP/20170428-Liew-KLEE/imperial_svcomp_float-benchs_svcomp_mea8000.x86_64/query.03391,,3,0.1,,- -,- -
QF_BVFP/20170428-Liew-KLEE/imperial_svcomp_float-benchs_svcomp_mea8000.x86_64/query.03392,,13,0.2,,629,0.7
QF_BVFP/20170428-Liew-KLEE/imperial_svcomp_float-benchs_svcomp_mea8000.x86_64/query.03406,,29,0.7,,- -,- -
QF_BVFP/20170428-Liew-KLEE/imperial_svcomp_float-benchs_svcomp_mea8000.x86_64/query.03432,,61,8.7,,14,0.7
QF_BVFP/20170428-Liew-KLEE/imperial_svcomp_float-benchs_svcomp_mea8000.x86_64/query.03435,,8,1.2,,22,0.7
QF_BVFP/20170428-Liew-KLEE/imperial_svcomp_float-benchs_svcomp_mea8000.x86_64/query.03442,,63,1.1,,- -,- -
QF_BVFP/20170428-Liew-KLEE/imperial_svcomp_float-benchs_svcomp_mea8000.x86_64/query.03454,,3,0.1,,- -,- -
QF_BVFP/20170428-Liew-KLEE/imperial_svcomp_float-benchs_svcomp_mea8000.x86_64/query.03459,,247,32.7,,22,0.7
QF_BVFP/20170428-Liew-KLEE/imperial_svcomp_float-benchs_svcomp_mea8000.x86_64/query.03497,,- -,- -,,- -,- -
QF_BVFP/20170428-Liew-KLEE/imperial_svcomp_float-benchs_svcomp_mea8000.x86_64/query.03543,,5,0.8,,26,0.7
QF_BVFP/20170428-Liew-KLEE/imperial_svcomp_float-benchs_svcomp_mea8000.x86_64/query.03553,,4,0.1,,- -,- -
QF_BVFP/20170428-Liew-KLEE/imperial_svcomp_float-benchs_svcomp_mea8000.x86_64/query.03566,,4,0.1,,- -,- -
QF_BVFP/20170428-Liew-KLEE/imperial_svcomp_float-benchs_svcomp_mea8000.x86_64/query.03570,,10,1.4,,14,0.7
QF_BVFP/20170428-Liew-KLEE/imperial_svcomp_float-benchs_svcomp_mea8000.x86_64/query.03600,,22,3.5,,24,0.7
QF_BVFP/20170428-Liew-KLEE/imperial_svcomp_float-benchs_svcomp_mea8000.x86_64/query.03615,,177,26.0,,14,0.7
QF_BVFP/20170428-Liew-KLEE/imperial_svcomp_float-benchs_svcomp_mea8000.x86_64/query.03623,,4,0.1,,- -,- -
QF_BVFP/20170428-Liew-KLEE/imperial_svcomp_float-benchs_svcomp_mea8000.x86_64/query.03625,,3,0.1,,- -,- -
QF_BVFP/20170428-Liew-KLEE/imperial_svcomp_float-benchs_svcomp_mea8000.x86_64/query.03654,,5,0.7,,10,0.7
QF_BVFP/20170428-Liew-KLEE/imperial_svcomp_float-benchs_svcomp_mea8000.x86_64/query.03668,,3,0.0,,- -,- -
QF_BVFP/20170428-Liew-KLEE/imperial_svcomp_float-benchs_svcomp_mea8000.x86_64/query.03718,,56,1.4,,- -,- -
QF_BVFP/20170428-Liew-KLEE/imperial_svcomp_float-benchs_svcomp_mea8000.x86_64/query.03734,,30,0.5,,- -,- -
QF_BVFP/20170428-Liew-KLEE/imperial_svcomp_float-benchs_svcomp_mea8000.x86_64/query.03827,,3,0.1,,- -,- -
QF_BVFP/20170428-Liew-KLEE/imperial_svcomp_float-benchs_svcomp_mea8000.x86_64/query.03839,,5,0.1,,- -,- -
QF_BVFP/20170428-Liew-KLEE/imperial_svcomp_float-benchs_svcomp_mea8000.x86_64/query.03870,,- -,- -,,14,0.7
QF_BVFP/20170428-Liew-KLEE/imperial_svcomp_float-benchs_svcomp_mea8000.x86_64/query.03880,,123,2.2,,629,0.7
QF_BVFP/20170428-Liew-KLEE/imperial_svcomp_float-benchs_svcomp_mea8000.x86_64/query.03883,,- -,- -,,- -,- -
QF_BVFP/20170428-Liew-KLEE/imperial_svcomp_float-benchs_svcomp_mea8000.x86_64/query.03886,,549,16.4,,- -,- -
QF_BVFP/20170428-Liew-KLEE/imperial_svcomp_float-benchs_svcomp_mea8000.x86_64/query.03894,,5,0.8,,8,0.7
QF_BVFP/20170428-Liew-KLEE/imperial_svcomp_float-benchs_svcomp_mea8000.x86_64/query.03901,,18,0.3,,- -,- -
QF_BVFP/20170428-Liew-KLEE/imperial_svcomp_float-benchs_svcomp_mea8000.x86_64/query.03910,,9,0.2,,- -,- -
QF_BVFP/20170428-Liew-KLEE/imperial_svcomp_float-benchs_svcomp_mea8000.x86_64/query.03911,,36,0.8,,- -,- -
QF_BVFP/20170428-Liew-KLEE/imperial_svcomp_float-benchs_svcomp_mea8000.x86_64/query.03921,,42,6.9,,14,0.7
QF_BVFP/20170428-Liew-KLEE/imperial_svcomp_float-benchs_svcomp_mea8000.x86_64/query.03956,,17,0.3,,629,0.7
QF_BVFP/20170428-Liew-KLEE/imperial_svcomp_float-benchs_svcomp_mea8000.x86_64/query.03962,,73,1.4,,629,0.7
QF_BVFP/20170428-Liew-KLEE/imperial_svcomp_float-benchs_svcomp_mea8000.x86_64/query.03976,,421,9.3,,- -,- -
QF_BVFP/20170428-Liew-KLEE/imperial_svcomp_float-benchs_svcomp_mea8000.x86_64/query.03987,,61,11.5,,24,0.7
QF_BVFP/20170428-Liew-KLEE/imperial_svcomp_float-benchs_svcomp_mea8000.x86_64/query.03990,,164,36.0,,8,0.7
QF_BVFP/20170428-Liew-KLEE/imperial_svcomp_float-benchs_svcomp_mea8000.x86_64/query.04020,,12,1.8,,14,0.7
QF_BVFP/20170428-Liew-KLEE/imperial_svcomp_float-benchs_svcomp_mea8000.x86_64/query.04021,,23,0.5,,- -,- -
QF_BVFP/20170428-Liew-KLEE/imperial_svcomp_float-benchs_svcomp_mea8000.x86_64/query.04062,,28,4.5,,10,0.7
QF_BVFP/20170428-Liew-KLEE/imperial_svcomp_float-benchs_svcomp_mea8000.x86_64/query.04067,,14,0.2,,- -,- -
QF_BVFP/20170428-Liew-KLEE/imperial_svcomp_float-benchs_svcomp_mea8000.x86_64/query.04086,,30,4.0,,8,0.7
QF_BVFP/20170428-Liew-KLEE/imperial_svcomp_float-benchs_svcomp_mea8000.x86_64/query.04100,,38,0.8,,- -,- -
QF_BVFP/20170428-Liew-KLEE/imperial_svcomp_float-benchs_svcomp_mea8000.x86_64/query.04104,,6,0.9,,24,0.7
QF_BVFP/20170428-Liew-KLEE/imperial_svcomp_float-benchs_svcomp_mea8000.x86_64/query.04108,,20,0.4,,- -,- -
QF_BVFP/20170428-Liew-KLEE/imperial_svcomp_float-benchs_svcomp_mea8000.x86_64/query.04110,,5,0.8,,14,0.7
QF_BVFP/20170428-Liew-KLEE/imperial_svcomp_float-benchs_svcomp_mea8000.x86_64/query.04175,,181,6.5,,- -,- -
QF_BVFP/20170428-Liew-KLEE/imperial_svcomp_float-benchs_svcomp_mea8000.x86_64/query.04252,,30,0.5,,- -,- -
QF_BVFP/20170428-Liew-KLEE/imperial_svcomp_float-benchs_svcomp_mea8000.x86_64/query.04280,,718,31.6,,- -,- -
QF_BVFP/20170428-Liew-KLEE/imperial_svcomp_float-benchs_svcomp_mea8000.x86_64/query.04291,,3,0.1,,- -,- -
QF_BVFP/20170428-Liew-KLEE/imperial_svcomp_float-benchs_svcomp_mea8000.x86_64/query.04311,,- -,- -,,11,0.7
QF_BVFP/20170428-Liew-KLEE/imperial_svcomp_float-benchs_svcomp_mea8000.x86_64/query.04317,,413,49.6,,26,0.8
QF_BVFP/20170428-Liew-KLEE/imperial_svcomp_float-benchs_svcomp_mea8000.x86_64/query.04329,,70,12.1,,24,0.7
QF_BVFP/20170428-Liew-KLEE/imperial_svcomp_float-benchs_svcomp_mea8000.x86_64/query.04335,,38,5.5,,14,0.7
QF_BVFP/20170428-Liew-KLEE/imperial_svcomp_float-benchs_svcomp_mea8000.x86_64/query.04344,,18,2.9,,11,0.7
QF_BVFP/20170428-Liew-KLEE/imperial_svcomp_float-benchs_svcomp_mea8000.x86_64/query.04369,,5,0.1,,629,0.7
QF_BVFP/20170428-Liew-KLEE/imperial_svcomp_float-benchs_svcomp_mea8000.x86_64/query.04391,,35,0.9,,- -,- -
QF_BVFP/20170428-Liew-KLEE/imperial_svcomp_float-benchs_svcomp_mea8000.x86_64/query.04445,,8,0.1,,- -,- -
QF_BVFP/20170428-Liew-KLEE/imperial_svcomp_float-benchs_svcomp_mea8000.x86_64/query.04464,,874,191.3,,14,0.7
QF_BVFP/20170428-Liew-KLEE/imperial_svcomp_float-benchs_svcomp_mea8000.x86_64/query.04519,,84,1.8,,- -,- -
QF_BVFP/20170428-Liew-KLEE/imperial_svcomp_float-benchs_svcomp_mea8000.x86_64/query.04529,,3,0.1,,- -,- -
QF_BVFP/20170428-Liew-KLEE/imperial_svcomp_float-benchs_svcomp_mea8000.x86_64/query.04539,,614,91.0,,26,0.7
QF_BVFP/20170428-Liew-KLEE/imperial_svcomp_float-benchs_svcomp_mea8000.x86_64/query.04596,,266,54.4,,10,0.7
QF_BVFP/20170428-Liew-KLEE/imperial_svcomp_float-benchs_svcomp_mea8000.x86_64/query.04607,,- -,- -,,629,0.7
QF_BVFP/20170428-Liew-KLEE/imperial_svcomp_float-benchs_svcomp_mea8000.x86_64/query.04621,,- -,- -,,- -,- -
QF_BVFP/20170428-Liew-KLEE/imperial_svcomp_float-benchs_svcomp_mea8000.x86_64/query.04639,,6,0.1,,- -,- -
QF_BVFP/20170428-Liew-KLEE/imperial_svcomp_float-benchs_svcomp_mea8000.x86_64/query.04647,,228,32.4,,24,0.7
QF_BVFP/20170428-Liew-KLEE/imperial_svcomp_float-benchs_svcomp_mea8000.x86_64/query.04655,,309,10.9,,- -,- -
QF_BVFP/20170428-Liew-KLEE/imperial_svcomp_float-benchs_svcomp_mea8000.x86_64/query.04675,,3,0.1,,- -,- -
QF_BVFP/20170428-Liew-KLEE/imperial_svcomp_float-benchs_svcomp_mea8000.x86_64/query.04711,,3,0.1,,- -,- -
QF_BVFP/20170428-Liew-KLEE/imperial_svcomp_float-benchs_svcomp_mea8000.x86_64/query.04744,,64,1.4,,- -,- -
QF_BVFP/20170428-Liew-KLEE/imperial_svcomp_float-benchs_svcomp_mea8000.x86_64/query.04803,,15,2.5,,24,0.7
QF_BVFP/20170428-Liew-KLEE/imperial_svcomp_float-benchs_svcomp_mea8000.x86_64/query.04806,,27,3.4,,10,0.7
QF_BVFP/20170428-Liew-KLEE/imperial_svcomp_float-benchs_svcomp_mea8000.x86_64/query.04813,,705,50.2,,- -,- -
QF_BVFP/20170428-Liew-KLEE/imperial_svcomp_float-benchs_svcomp_mea8000.x86_64/query.04825,,951,138.8,,- -,- -
QF_BVFP/20170428-Liew-KLEE/imperial_svcomp_float-benchs_svcomp_mea8000.x86_64/query.04838,,48,1.2,,629,0.7
QF_BVFP/20170428-Liew-KLEE/imperial_svcomp_float-benchs_svcomp_mea8000.x86_64/query.04839,,4,0.6,,26,0.7
QF_BVFP/20170428-Liew-KLEE/imperial_svcomp_float-benchs_svcomp_mea8000.x86_64/query.04865,,- -,- -,,- -,- -
QF_BVFP/20170428-Liew-KLEE/imperial_svcomp_float-benchs_svcomp_mea8000.x86_64/query.04868,,4,0.1,,- -,- -
QF_BVFP/20170428-Liew-KLEE/imperial_svcomp_float-benchs_svcomp_mea8000.x86_64/query.04874,,- -,- -,,- -,- -
QF_BVFP/20170428-Liew-KLEE/imperial_svcomp_float-benchs_svcomp_mea8000.x86_64/query.04883,,3,0.1,,- -,- -
QF_BVFP/20170428-Liew-KLEE/imperial_svcomp_float-benchs_svcomp_mea8000.x86_64/query.04887,,737,112.3,,22,0.7
QF_BVFP/20170428-Liew-KLEE/imperial_svcomp_float-benchs_svcomp_mea8000.x86_64/query.04894,,3,0.1,,- -,- -
QF_BVFP/20170428-Liew-KLEE/imperial_svcomp_float-benchs_svcomp_mea8000.x86_64/query.04945,,284,9.8,,- -,- -
QF_BVFP/20170428-Liew-KLEE/imperial_svcomp_float-benchs_svcomp_mea8000.x86_64/query.04997,,- -,- -,,- -,- -
QF_BVFP/20170428-Liew-KLEE/imperial_svcomp_float-benchs_svcomp_mea8000.x86_64/query.05008,,10,0.2,,- -,- -
QF_BVFP/20170428-Liew-KLEE/imperial_svcomp_float-benchs_svcomp_mea8000.x86_64/query.05019,,4,0.6,,11,0.7
QF_BVFP/20170428-Liew-KLEE/imperial_svcomp_float-benchs_svcomp_mea8000.x86_64/query.05049,,120,24.5,,14,0.7
QF_BVFP/20170428-Liew-KLEE/imperial_svcomp_float-benchs_svcomp_mea8000.x86_64/query.05051,,39,0.8,,- -,- -
QF_BVFP/20170428-Liew-KLEE/imperial_svcomp_float-benchs_svcomp_mea8000.x86_64/query.05127,,6,0.9,,26,0.7
QF_BVFP/20170428-Liew-KLEE/imperial_svcomp_float-benchs_svcomp_mea8000.x86_64/query.05160,,- -,- -,,14,0.7
QF_BVFP/20170428-Liew-KLEE/imperial_svcomp_float-benchs_svcomp_mea8000.x86_64/query.05274,,629,132.4,,14,0.7
QF_BVFP/20170428-Liew-KLEE/imperial_svcomp_float-benchs_svcomp_mea8000.x86_64/query.05297,,- -,- -,,629,0.7
QF_BVFP/20170428-Liew-KLEE/imperial_svcomp_float-benchs_svcomp_mea8000.x86_64/query.05299,,3,0.1,,- -,- -
QF_BVFP/20170428-Liew-KLEE/imperial_svcomp_float-benchs_svcomp_mea8000.x86_64/query.05327,,84,2.5,,- -,- -
QF_BVFP/20170428-Liew-KLEE/imperial_svcomp_float-benchs_svcomp_mea8000.x86_64/query.05361,,30,4.2,,4,0.7
QF_BVFP/20170428-Liew-KLEE/imperial_svcomp_float-benchs_svcomp_mea8000.x86_64/query.05381,,53,1.1,,629,0.7
QF_BVFP/20170428-Liew-KLEE/imperial_svcomp_float-benchs_svcomp_mea8000.x86_64/query.05440,,20,0.5,,- -,- -
QF_BVFP/20170428-Liew-KLEE/imperial_svcomp_float-benchs_svcomp_mea8000.x86_64/query.05508,,10,1.5,,26,0.7
QF_BVFP/20170428-Liew-KLEE/imperial_svcomp_float-benchs_svcomp_mea8000.x86_64/query.05527,,- -,- -,,- -,- -
QF_BVFP/20170428-Liew-KLEE/imperial_svcomp_float-benchs_svcomp_mea8000.x86_64/query.05612,,- -,- -,,- -,- -
QF_BVFP/20170428-Liew-KLEE/imperial_svcomp_float-benchs_svcomp_mea8000.x86_64/query.05623,,15,0.2,,- -,- -
QF_BVFP/20170428-Liew-KLEE/imperial_svcomp_float-benchs_svcomp_mea8000.x86_64/query.05639,,135,2.3,,- -,- -
QF_BVFP/20170428-Liew-KLEE/imperial_svcomp_float-benchs_svcomp_mea8000.x86_64/query.05647,,105,1.9,,- -,- -
QF_BVFP/20170428-Liew-KLEE/imperial_svcomp_float-benchs_svcomp_mea8000.x86_64/query.05659,,4,0.1,,- -,- -
QF_BVFP/20170428-Liew-KLEE/imperial_svcomp_float-benchs_svcomp_mea8000.x86_64/query.05675,,448,6.4,,629,0.7
QF_BVFP/20170428-Liew-KLEE/imperial_svcomp_float-benchs_svcomp_mea8000.x86_64/query.05696,,30,0.6,,- -,- -
QF_BVFP/20170428-Liew-KLEE/imperial_svcomp_float-benchs_svcomp_mea8000.x86_64/query.05714,,127,1.7,,- -,- -
QF_BVFP/20170428-Liew-KLEE/imperial_svcomp_float-benchs_svcomp_mea8000.x86_64/query.05715,,35,5.7,,24,0.7
QF_BVFP/20170428-Liew-KLEE/imperial_svcomp_float-benchs_svcomp_mea8000.x86_64/query.05744,,332,9.4,,629,0.7
QF_BVFP/20170428-Liew-KLEE/imperial_svcomp_float-benchs_svcomp_mea8000.x86_64/query.05762,,21,0.3,,629,0.7
QF_BVFP/20170428-Liew-KLEE/imperial_svcomp_float-benchs_svcomp_mea8000.x86_64/query.05789,,32,0.7,,- -,- -
QF_BVFP/20170428-Liew-KLEE/imperial_svcomp_float-benchs_svcomp_mea8000.x86_64/query.05793,,31,3.8,,26,0.7
QF_BVFP/20170428-Liew-KLEE/imperial_svcomp_float-benchs_svcomp_mea8000.x86_64/query.05860,,3,0.1,,629,0.7
QF_BVFP/20170428-Liew-KLEE/imperial_svcomp_float-benchs_svcomp_mea8000.x86_64/query.05875,,- -,- -,,- -,- -
QF_BVFP/20170428-Liew-KLEE/imperial_svcomp_float-benchs_svcomp_mea8000.x86_64/query.05929,,103,1.9,,- -,- -
QF_BVFP/20170428-Liew-KLEE/imperial_svcomp_float-benchs_svcomp_mea8000.x86_64/query.05976,,7,1.1,,4,0.7
QF_BVFP/20170428-Liew-KLEE/imperial_svcomp_float-benchs_svcomp_mea8000.x86_64/query.06014,,378,12.7,,- -,- -
QF_BVFP/20170428-Liew-KLEE/imperial_svcomp_float-benchs_svcomp_mea8000.x86_64/query.06024,,5,0.8,,17,0.7
QF_BVFP/20170428-Liew-KLEE/imperial_svcomp_float-benchs_svcomp_mea8000.x86_64/query.06057,,29,4.5,,22,0.7
QF_BVFP/20170428-Liew-KLEE/imperial_svcomp_float-benchs_svcomp_mea8000.x86_64/query.06064,,21,0.4,,- -,- -
QF_BVFP/20170428-Liew-KLEE/imperial_svcomp_float-benchs_svcomp_mea8000.x86_64/query.06079,,3,0.1,,- -,- -
QF_BVFP/20170428-Liew-KLEE/imperial_svcomp_float-benchs_svcomp_mea8000.x86_64/query.06090,,5,0.8,,26,0.8
QF_BVFP/20170428-Liew-KLEE/imperial_svcomp_float-benchs_svcomp_mea8000.x86_64/query.06120,,6,0.9,,14,0.7
QF_BVFP/20170428-Liew-KLEE/imperial_svcomp_float-benchs_svcomp_mea8000.x86_64/query.06155,,- -,- -,,- -,- -
QF_BVFP/20170428-Liew-KLEE/imperial_svcomp_float-benchs_svcomp_mea8000.x86_64/query.06164,,28,0.6,,- -,- -
QF_BVFP/20170428-Liew-KLEE/imperial_svcomp_float-benchs_svcomp_mea8000.x86_64/query.06180,,13,1.6,,14,0.7
QF_BVFP/20170428-Liew-KLEE/imperial_svcomp_float-benchs_svcomp_mea8000.x86_64/query.06201,,126,19.0,,14,0.7
QF_BVFP/20170428-Liew-KLEE/imperial_svcomp_float-benchs_svcomp_mea8000.x86_64/query.06221,,- -,- -,,- -,- -
QF_BVFP/20170428-Liew-KLEE/imperial_svcomp_float-benchs_svcomp_mea8000.x86_64/query.06233,,56,1.1,,- -,- -
QF_BVFP/20170428-Liew-KLEE/imperial_svcomp_float-benchs_svcomp_mea8000.x86_64/query.06248,,- -,- -,,- -,- -
QF_BVFP/20170428-Liew-KLEE/imperial_svcomp_float-benchs_svcomp_mea8000.x86_64/query.06276,,5,0.8,,14,0.7
QF_BVFP/20170428-Liew-KLEE/imperial_svcomp_float-benchs_svcomp_mea8000.x86_64/query.06312,,20,2.3,,14,0.7
QF_BVFP/20170428-Liew-KLEE/imperial_svcomp_float-benchs_svcomp_mea8000.x86_64/query.06359,,39,0.8,,- -,- -
QF_BVFP/20170428-Liew-KLEE/imperial_svcomp_float-benchs_svcomp_mea8000.x86_64/query.06362,,59,1.6,,629,0.7
QF_BVFP/20170428-Liew-KLEE/imperial_svcomp_float-benchs_svcomp_mea8000.x86_64/query.06409,,80,1.2,,- -,- -
QF_BVFP/20170428-Liew-KLEE/imperial_svcomp_float-benchs_svcomp_mea8000.x86_64/query.06426,,11,1.6,,17,0.7
QF_BVFP/20170428-Liew-KLEE/imperial_svcomp_float-benchs_svcomp_mea8000.x86_64/query.06430,,21,0.4,,- -,- -
QF_BVFP/20170428-Liew-KLEE/imperial_svcomp_float-benchs_svcomp_mea8000.x86_64/query.06433,,3,0.1,,- -,- -
QF_BVFP/20170428-Liew-KLEE/imperial_svcomp_float-benchs_svcomp_mea8000.x86_64/query.06447,,7,1.1,,14,0.7
QF_BVFP/20170428-Liew-KLEE/imperial_svcomp_float-benchs_svcomp_mea8000.x86_64/query.06509,,3,0.1,,- -,- -
QF_BVFP/20170428-Liew-KLEE/imperial_svcomp_float-benchs_svcomp_mea8000.x86_64/query.06516,,85,13.6,,24,0.7
QF_BVFP/20170428-Liew-KLEE/imperial_svcomp_float-benchs_svcomp_mea8000.x86_64/query.06532,,12,0.2,,- -,- -
QF_BVFP/20170428-Liew-KLEE/imperial_svcomp_float-benchs_svcomp_mea8000.x86_64/query.06601,,4,0.1,,- -,- -
QF_BVFP/20170428-Liew-KLEE/imperial_svcomp_float-benchs_svcomp_mea8000.x86_64/query.06647,,3,0.1,,- -,- -
QF_BVFP/20170428-Liew-KLEE/imperial_svcomp_float-benchs_svcomp_mea8000.x86_64/query.06684,,556,83.2,,11,0.7
QF_BVFP/20170428-Liew-KLEE/imperial_svcomp_float-benchs_svcomp_mea8000.x86_64/query.06697,,37,0.7,,- -,- -
QF_BVFP/20170428-Liew-KLEE/imperial_svcomp_float-benchs_svcomp_mea8000.x86_64/query.06699,,28,4.3,,14,0.7
QF_BVFP/20170428-Liew-KLEE/imperial_svcomp_float-benchs_svcomp_mea8000.x86_64/query.06713,,3,0.1,,- -,- -
QF_BVFP/20170428-Liew-KLEE/imperial_svcomp_float-benchs_svcomp_mea8000.x86_64/query.06729,,20,3.1,,8,0.7
QF_BVFP/20170428-Liew-KLEE/imperial_svcomp_float-benchs_svcomp_mea8000.x86_64/query.06743,,26,0.5,,- -,- -
QF_BVFP/20170428-Liew-KLEE/imperial_svcomp_float-benchs_svcomp_mea8000.x86_64/query.06766,,3,0.1,,- -,- -
QF_BVFP/20170428-Liew-KLEE/imperial_svcomp_float-benchs_svcomp_mea8000.x86_64/query.06770,,3,0.1,,- -,- -
QF_BVFP/20170428-Liew-KLEE/imperial_svcomp_float-benchs_svcomp_mea8000.x86_64/query.06772,,11,0.2,,- -,- -
QF_BVFP/20170428-Liew-KLEE/imperial_svcomp_float-benchs_svcomp_mea8000.x86_64/query.06807,,782,110.1,,10,0.7
QF_BVFP/20170428-Liew-KLEE/imperial_svcomp_float-benchs_svcomp_mea8000.x86_64/query.06929,,- -,- -,,- -,- -
QF_BVFP/20170428-Liew-KLEE/imperial_svcomp_float-benchs_svcomp_mea8000.x86_64/query.06943,,3,0.1,,- -,- -
QF_BVFP/20170428-Liew-KLEE/imperial_svcomp_float-benchs_svcomp_mea8000.x86_64/query.06952,,44,1.3,,- -,- -
QF_BVFP/20170428-Liew-KLEE/imperial_svcomp_float-benchs_svcomp_mea8000.x86_64/query.06961,,3,0.1,,- -,- -
QF_BVFP/20170428-Liew-KLEE/imperial_svcomp_float-benchs_svcomp_mea8000.x86_64/query.06963,,5,0.8,,24,0.7
QF_BVFP/20170428-Liew-KLEE/imperial_svcomp_float-benchs_svcomp_mea8000.x86_64/query.06985,,15,0.3,,- -,- -
QF_BVFP/20170428-Liew-KLEE/imperial_svcomp_float-benchs_svcomp_mea8000.x86_64/query.06994,,46,1.4,,- -,- -
QF_BVFP/20170428-Liew-KLEE/imperial_svcomp_float-benchs_svcomp_mea8000.x86_64/query.07008,,4,0.6,,26,0.7
QF_BVFP/20170428-Liew-KLEE/imperial_svcomp_float-benchs_svcomp_mea8000.x86_64/query.07009,,39,0.6,,- -,- -
QF_BVFP/20170428-Liew-KLEE/imperial_svcomp_float-benchs_svcomp_mea8000.x86_64/query.07065,,14,1.8,,8,0.7
QF_BVFP/20170428-Liew-KLEE/imperial_svcomp_float-benchs_svcomp_mea8000.x86_64/query.07089,,4,0.6,,14,0.7
QF_BVFP/20170428-Liew-KLEE/imperial_svcomp_float-benchs_svcomp_mea8000.x86_64/query.07103,,337,25.1,,- -,- -
QF_BVFP/20170428-Liew-KLEE/imperial_svcomp_float-benchs_svcomp_mea8000.x86_64/query.07152,,33,4.0,,26,0.7
QF_BVFP/20170428-Liew-KLEE/imperial_svcomp_float-benchs_svcomp_mea8000.x86_64/query.07155,,11,1.7,,24,0.7
QF_BVFP/20170428-Liew-KLEE/imperial_svcomp_float-benchs_svcomp_mea8000.x86_64/query.07197,,35,5.7,,24,0.7
QF_BVFP/20170428-Liew-KLEE/imperial_svcomp_float-benchs_svcomp_mea8000.x86_64/query.07232,,300,13.9,,- -,- -
QF_BVFP/20170428-Liew-KLEE/imperial_svcomp_float-benchs_svcomp_mea8000.x86_64/query.07256,,748,15.7,,- -,- -
QF_BVFP/20170428-Liew-KLEE/imperial_svcomp_float-benchs_svcomp_mea8000.x86_64/query.07275,,10,1.6,,8,0.7
QF_BVFP/20170428-Liew-KLEE/imperial_svcomp_float-benchs_svcomp_mea8000.x86_64/query.07279,,4,0.1,,- -,- -
QF_BVFP/20170428-Liew-KLEE/imperial_svcomp_float-benchs_svcomp_mea8000.x86_64/query.07291,,- -,- -,,- -,- -
QF_BVFP/20170428-Liew-KLEE/imperial_svcomp_float-benchs_svcomp_mea8000.x86_64/query.07296,,875,285.8,,10,0.7
QF_BVFP/20170428-Liew-KLEE/imperial_svcomp_float-benchs_svcomp_mea8000.x86_64/query.07303,,3,0.1,,- -,- -
QF_BVFP/20170428-Liew-KLEE/imperial_svcomp_float-benchs_svcomp_mea8000.x86_64/query.07370,,971,54.6,,629,0.7
QF_BVFP/20170428-Liew-KLEE/imperial_svcomp_float-benchs_svcomp_mea8000.x86_64/query.07375,,3,0.1,,- -,- -
QF_BVFP/20170428-Liew-KLEE/imperial_svcomp_float-benchs_svcomp_mea8000.x86_64/query.07424,,47,1.2,,- -,- -
QF_BVFP/20170428-Liew-KLEE/imperial_svcomp_float-benchs_svcomp_mea8000.x86_64/query.07441,,38,0.8,,629,0.7
QF_BVFP/20170428-Liew-KLEE/imperial_svcomp_float-benchs_svcomp_mea8000.x86_64/query.07483,,22,0.3,,- -,- -
QF_BVFP/20170428-Liew-KLEE/imperial_svcomp_float-benchs_svcomp_mea8000.x86_64/query.07492,,3,0.1,,629,0.7
QF_BVFP/20170428-Liew-KLEE/imperial_svcomp_float-benchs_svcomp_mea8000.x86_64/query.07497,,111,24.8,,8,0.7
QF_BVFP/20170428-Liew-KLEE/imperial_svcomp_float-benchs_svcomp_mea8000.x86_64/query.07518,,21,2.6,,11,0.7
QF_BVFP/20170428-Liew-KLEE/imperial_svcomp_float-benchs_svcomp_mea8000.x86_64/query.07544,,15,0.3,,- -,- -
QF_BVFP/20170428-Liew-KLEE/imperial_svcomp_float-benchs_svcomp_mea8000.x86_64/query.07574,,42,0.8,,- -,- -
QF_BVFP/20170428-Liew-KLEE/imperial_svcomp_float-benchs_svcomp_mea8000.x86_64/query.07580,,60,2.1,,- -,- -
QF_BVFP/20170428-Liew-KLEE/imperial_svcomp_float-benchs_svcomp_mea8000.x86_64/query.07584,,49,8.2,,14,0.7
QF_BVFP/20170428-Liew-KLEE/imperial_svcomp_float-benchs_svcomp_mea8000.x86_64/query.07586,,- -,- -,,- -,- -
QF_BVFP/20170428-Liew-KLEE/imperial_svcomp_float-benchs_svcomp_mea8000.x86_64/query.07620,,64,10.3,,8,0.7
QF_BVFP/20170428-Liew-KLEE/imperial_svcomp_float-benchs_svcomp_mea8000.x86_64/query.07633,,- -,- -,,- -,- -
QF_BVFP/20170428-Liew-KLEE/imperial_svcomp_float-benchs_svcomp_mea8000.x86_64/query.07661,,4,0.1,,- -,- -
QF_BVFP/20170428-Liew-KLEE/imperial_svcomp_float-benchs_svcomp_mea8000.x86_64/query.07665,,12,1.8,,10,0.7
QF_BVFP/20170428-Liew-KLEE/imperial_svcomp_float-benchs_svcomp_mea8000.x86_64/query.07677,,22,3.3,,14,0.7
QF_BVFP/20170428-Liew-KLEE/imperial_svcomp_float-benchs_svcomp_mea8000.x86_64/query.07713,,5,0.8,,10,0.7
QF_BVFP/20170428-Liew-KLEE/imperial_svcomp_float-benchs_svcomp_mea8000.x86_64/query.07730,,- -,- -,,- -,- -
QF_BVFP/20170428-Liew-KLEE/imperial_svcomp_float-benchs_svcomp_mea8000.x86_64/query.07743,,60,10.8,,11,0.7
QF_BVFP/20170428-Liew-KLEE/imperial_svcomp_float-benchs_svcomp_mea8000.x86_64/query.07750,,104,1.7,,- -,- -
QF_BVFP/20170428-Liew-KLEE/imperial_svcomp_float-benchs_svcomp_mea8000.x86_64/query.07761,,11,1.7,,4,0.7
QF_BVFP/20170428-Liew-KLEE/imperial_svcomp_float-benchs_svcomp_mea8000.x86_64/query.07774,,4,0.1,,- -,- -
QF_BVFP/20170428-Liew-KLEE/imperial_svcomp_float-benchs_svcomp_mea8000.x86_64/query.07794,,19,2.3,,17,0.7
QF_BVFP/20170428-Liew-KLEE/imperial_svcomp_float-benchs_svcomp_mea8000.x86_64/query.07865,,24,0.4,,- -,- -
QF_BVFP/20170428-Liew-KLEE/imperial_svcomp_float-benchs_svcomp_mea8000.x86_64/query.07886,,4,0.1,,- -,- -
QF_BVFP/20170428-Liew-KLEE/imperial_svcomp_float-benchs_svcomp_mea8000.x86_64/query.07888,,18,0.3,,- -,- -
QF_BVFP/20170428-Liew-KLEE/imperial_svcomp_float-benchs_svcomp_mea8000.x86_64/query.07915,,4,0.1,,- -,- -
QF_BVFP/20170428-Liew-KLEE/imperial_svcomp_float-benchs_svcomp_mea8000.x86_64/query.07958,,- -,- -,,- -,- -
QF_BVFP/20170428-Liew-KLEE/imperial_svcomp_float-benchs_svcomp_mea8000.x86_64/query.07974,,17,2.3,,4,0.7
QF_BVFP/20170428-Liew-KLEE/imperial_svcomp_float-benchs_svcomp_mea8000.x86_64/query.07975,,15,0.3,,629,0.7
QF_BVFP/20170428-Liew-KLEE/imperial_svcomp_float-benchs_svcomp_mea8000.x86_64/query.08009,,42,0.7,,- -,- -
QF_BVFP/20170428-Liew-KLEE/imperial_svcomp_float-benchs_svcomp_mea8000.x86_64/query.08011,,18,0.4,,629,0.7
QF_BVFP/20170428-Liew-KLEE/imperial_svcomp_float-benchs_svcomp_mea8000.x86_64/query.08037,,113,24.9,,26,0.7
QF_BVFP/20170428-Liew-KLEE/imperial_svcomp_float-benchs_svcomp_mea8000.x86_64/query.08057,,11,0.1,,- -,- -
QF_BVFP/20170428-Liew-KLEE/imperial_svcomp_float-benchs_svcomp_mea8000.x86_64/query.08065,,26,0.5,,629,0.7
QF_BVFP/20170428-Liew-KLEE/imperial_svcomp_float-benchs_svcomp_mea8000.x86_64/query.08152,,11,0.2,,- -,- -
QF_BVFP/20170428-Liew-KLEE/imperial_svcomp_float-benchs_svcomp_mea8000.x86_64/query.08237,,647,30.6,,- -,- -
QF_BVFP/20170428-Liew-KLEE/imperial_svcomp_float-benchs_svcomp_mea8000.x86_64/query.08242,,- -,- -,,- -,- -
QF_BVFP/20170428-Liew-KLEE/imperial_svcomp_float-benchs_svcomp_mea8000.x86_64/query.08256,,6,0.9,,4,0.7
QF_BVFP/20170428-Liew-KLEE/imperial_svcomp_float-benchs_svcomp_mea8000.x86_64/query.08259,,24,3.8,,24,0.7
QF_BVFP/20170428-Liew-KLEE/imperial_svcomp_float-benchs_svcomp_mea8000.x86_64/query.08309,,897,31.7,,- -,- -
QF_BVFP/20170428-Liew-KLEE/imperial_svcomp_float-benchs_svcomp_mea8000.x86_64/query.08333,,29,0.7,,- -,- -
QF_BVFP/20170428-Liew-KLEE/imperial_svcomp_float-benchs_svcomp_mea8000.x86_64/query.08334,,39,5.0,,24,0.7
QF_BVFP/20170428-Liew-KLEE/imperial_svcomp_float-benchs_svcomp_mea8000.x86_64/query.08381,,4,0.1,,- -,- -
QF_BVFP/20170428-Liew-KLEE/imperial_svcomp_float-benchs_svcomp_mea8000.x86_64/query.08504,,98,2.5,,- -,- -
QF_BVFP/20170428-Liew-KLEE/imperial_svcomp_float-benchs_svcomp_mea8000.x86_64/query.08553,,5,0.8,,26,0.7
QF_BVFP/20170428-Liew-KLEE/imperial_svcomp_float-benchs_svcomp_mea8000.x86_64/query.08565,,26,4.4,,10,0.7
QF_BVFP/20170428-Liew-KLEE/imperial_svcomp_float-benchs_svcomp_mea8000.x86_64/query.08599,,45,0.8,,- -,- -
QF_BVFP/20170428-Liew-KLEE/imperial_svcomp_float-benchs_svcomp_mea8000.x86_64/query.08612,,4,0.1,,- -,- -
QF_BVFP/20170428-Liew-KLEE/imperial_svcomp_float-benchs_svcomp_mea8000.x86_64/query.08632,,- -,- -,,- -,- -
QF_BVFP/20170428-Liew-KLEE/imperial_svcomp_float-benchs_svcomp_mea8000.x86_64/query.08640,,7,1.0,,14,0.7
QF_BVFP/20170428-Liew-KLEE/imperial_svcomp_float-benchs_svcomp_mea8000.x86_64/query.08649,,- -,- -,,17,0.7
QF_BVFP/20170428-Liew-KLEE/imperial_svcomp_float-benchs_svcomp_mea8000.x86_64/query.08680,,43,0.8,,- -,- -
QF_BVFP/20170428-Liew-KLEE/imperial_svcomp_float-benchs_svcomp_mea8000.x86_64/query.08682,,37,6.2,,22,0.7
QF_BVFP/20170428-Liew-KLEE/imperial_svcomp_float-benchs_svcomp_mea8000.x86_64/query.08703,,6,0.9,,10,0.7
QF_BVFP/20170428-Liew-KLEE/imperial_svcomp_float-benchs_svcomp_mea8000.x86_64/query.08721,,49,7.3,,22,0.7
QF_BVFP/20170428-Liew-KLEE/imperial_svcomp_float-benchs_svcomp_mea8000.x86_64/query.08739,,354,49.9,,14,0.7
QF_BVFP/20170428-Liew-KLEE/imperial_svcomp_float-benchs_svcomp_mea8000.x86_64/query.08745,,10,1.4,,14,0.7
QF_BVFP/20170428-Liew-KLEE/imperial_svcomp_float-benchs_svcomp_mea8000.x86_64/query.08760,,13,1.5,,11,0.7
QF_BVFP/20170428-Liew-KLEE/imperial_svcomp_float-benchs_svcomp_mea8000.x86_64/query.08799,,187,44.1,,14,0.7
QF_BVFP/20170428-Liew-KLEE/imperial_svcomp_float-benchs_svcomp_mea8000.x86_64/query.08816,,- -,- -,,- -,- -
QF_BVFP/20170428-Liew-KLEE/imperial_svcomp_float-benchs_svcomp_mea8000.x86_64/query.08885,,74,1.9,,- -,- -
QF_BVFP/20170428-Liew-KLEE/imperial_svcomp_float-benchs_svcomp_mea8000.x86_64/query.08886,,49,9.2,,14,0.7
QF_BVFP/20170428-Liew-KLEE/imperial_svcomp_float-benchs_svcomp_mea8000.x86_64/query.08888,,- -,- -,,- -,- -
QF_BVFP/20170428-Liew-KLEE/imperial_svcomp_float-benchs_svcomp_mea8000.x86_64/query.08895,,31,4.8,,26,0.7
QF_BVFP/20170428-Liew-KLEE/imperial_svcomp_float-benchs_svcomp_mea8000.x86_64/query.08947,,- -,- -,,- -,- -
QF_BVFP/20170428-Liew-KLEE/imperial_svcomp_float-benchs_svcomp_mea8000.x86_64/query.08955,,20,3.0,,4,0.7
QF_BVFP/20170428-Liew-KLEE/imperial_svcomp_float-benchs_svcomp_mea8000.x86_64/query.08962,,52,1.3,,- -,- -
QF_BVFP/20170428-Liew-KLEE/imperial_svcomp_float-benchs_svcomp_mea8000.x86_64/query.08973,,5,0.7,,24,0.7
QF_BVFP/20170428-Liew-KLEE/imperial_svcomp_float-benchs_svcomp_mea8000.x86_64/query.08982,,5,0.8,,10,0.7
QF_BVFP/20170428-Liew-KLEE/imperial_svcomp_float-benchs_svcomp_mea8000.x86_64/query.09061,,3,0.1,,- -,- -
QF_BVFP/20170428-Liew-KLEE/imperial_svcomp_float-benchs_svcomp_mea8000.x86_64/query.09117,,64,11.3,,24,0.7
QF_BVFP/20170428-Liew-KLEE/imperial_svcomp_float-benchs_svcomp_mea8000.x86_64/query.09130,,- -,- -,,- -,- -
QF_BVFP/20170428-Liew-KLEE/imperial_svcomp_float-benchs_svcomp_mea8000.x86_64/query.09165,,6,0.9,,14,0.7
QF_BVFP/20170428-Liew-KLEE/imperial_svcomp_float-benchs_svcomp_mea8000.x86_64/query.09188,,12,0.2,,- -,- -
QF_BVFP/20170428-Liew-KLEE/imperial_svcomp_float-benchs_svcomp_mea8000.x86_64/query.09203,,3,0.1,,- -,- -
QF_BVFP/20170428-Liew-KLEE/imperial_svcomp_float-benchs_svcomp_mea8000.x86_64/query.09212,,- -,- -,,- -,- -
QF_BVFP/20170428-Liew-KLEE/imperial_svcomp_float-benchs_svcomp_mea8000.x86_64/query.09214,,369,5.4,,- -,- -
QF_BVFP/20170428-Liew-KLEE/imperial_svcomp_float-benchs_svcomp_mea8000.x86_64/query.09246,,4,0.6,,22,0.7
QF_BVFP/20170428-Liew-KLEE/imperial_svcomp_float-benchs_svcomp_mea8000.x86_64/query.09271,,128,2.4,,- -,- -
QF_BVFP/20170428-Liew-KLEE/imperial_svcomp_float-benchs_svcomp_mea8000.x86_64/query.09292,,28,0.5,,- -,- -
QF_BVFP/20170428-Liew-KLEE/imperial_svcomp_float-benchs_svcomp_mea8000.x86_64/query.09302,,46,0.9,,- -,- -
QF_BVFP/20170428-Liew-KLEE/imperial_svcomp_float-benchs_svcomp_mea8000.x86_64/query.09321,,146,29.8,,14,0.7
QF_BVFP/20170428-Liew-KLEE/imperial_svcomp_float-benchs_svcomp_mea8000.x86_64/query.09328,,536,11.7,,- -,- -
QF_BVFP/20170428-Liew-KLEE/imperial_svcomp_float-benchs_svcomp_mea8000.x86_64/query.09337,,21,0.4,,- -,- -
QF_BVFP/20170428-Liew-KLEE/imperial_svcomp_float-benchs_svcomp_mea8000.x86_64/query.09341,,7,0.2,,- -,- -
QF_BVFP/20170428-Liew-KLEE/imperial_svcomp_float-benchs_svcomp_mea8000.x86_64/query.09374,,26,0.5,,- -,- -
QF_BVFP/20170428-Liew-KLEE/imperial_svcomp_float-benchs_svcomp_mea8000.x86_64/query.09489,,45,7.5,,4,0.7
QF_BVFP/20170428-Liew-KLEE/imperial_svcomp_float-benchs_svcomp_mea8000.x86_64/query.09490,,- -,- -,,- -,- -
QF_BVFP/20170428-Liew-KLEE/imperial_svcomp_float-benchs_svcomp_mea8000.x86_64/query.09521,,15,0.3,,- -,- -
QF_BVFP/20170428-Liew-KLEE/imperial_svcomp_float-benchs_svcomp_mea8000.x86_64/query.09523,,- -,- -,,629,0.7
QF_BVFP/20170428-Liew-KLEE/imperial_svcomp_float-benchs_svcomp_mea8000.x86_64/query.09550,,- -,- -,,- -,- -
QF_BVFP/20170428-Liew-KLEE/imperial_svcomp_float-benchs_svcomp_mea8000.x86_64/query.09552,,7,1.1,,8,0.7
QF_BVFP/20170428-Liew-KLEE/imperial_svcomp_float-benchs_svcomp_mea8000.x86_64/query.09560,,3,0.1,,- -,- -
QF_BVFP/20170428-Liew-KLEE/imperial_svcomp_float-benchs_svcomp_mea8000.x86_64/query.09573,,71,13.9,,14,0.7
QF_BVFP/20170428-Liew-KLEE/imperial_svcomp_float-benchs_svcomp_mea8000.x86_64/query.09579,,442,70.5,,22,0.7
QF_BVFP/20170428-Liew-KLEE/imperial_svcomp_float-benchs_svcomp_mea8000.x86_64/query.09621,,73,12.8,,22,0.7
QF_BVFP/20170428-Liew-KLEE/imperial_svcomp_float-benchs_svcomp_mea8000.x86_64/query.09634,,36,1.0,,- -,- -
QF_BVFP/20170428-Liew-KLEE/imperial_svcomp_float-benchs_svcomp_mea8000.x86_64/query.09674,,- -,- -,,- -,- -
QF_BVFP/20170428-Liew-KLEE/imperial_svcomp_float-benchs_svcomp_mea8000.x86_64/query.09698,,- -,- -,,- -,- -
QF_BVFP/20170428-Liew-KLEE/imperial_svcomp_float-benchs_svcomp_mea8000.x86_64/query.09704,,3,0.1,,- -,- -
QF_BVFP/20170428-Liew-KLEE/imperial_svcomp_float-benchs_svcomp_mea8000.x86_64/query.09726,,4,0.6,,14,0.7
QF_BVFP/20170428-Liew-KLEE/imperial_svcomp_float-benchs_svcomp_mea8000.x86_64/query.09749,,5,0.1,,- -,- -
QF_BVFP/20170428-Liew-KLEE/imperial_svcomp_float-benchs_svcomp_mea8000.x86_64/query.09793,,33,0.8,,629,0.7
QF_BVFP/20170428-Liew-KLEE/imperial_svcomp_float-benchs_svcomp_mea8000.x86_64/query.09797,,246,5.5,,- -,- -
QF_BVFP/20170428-Liew-KLEE/imperial_svcomp_float-benchs_svcomp_mea8000.x86_64/query.09805,,3,0.0,,- -,- -
QF_BVFP/20170428-Liew-KLEE/imperial_svcomp_float-benchs_svcomp_mea8000.x86_64/query.09813,,879,161.2,,8,0.7
QF_BVFP/20170428-Liew-KLEE/imperial_svcomp_float-benchs_svcomp_mea8000.x86_64/query.09840,,5,0.8,,24,0.7
QF_BVFP/20170428-Liew-KLEE/imperial_svcomp_float-benchs_svcomp_mea8000.x86_64/query.09858,,30,4.4,,14,0.7
QF_BVFP/20170428-Liew-KLEE/imperial_svcomp_float-benchs_svcomp_mea8000.x86_64/query.09861,,17,2.5,,24,0.7
QF_BVFP/20170428-Liew-KLEE/imperial_svcomp_float-benchs_svcomp_mea8000.x86_64/query.09870,,22,2.5,,24,0.7
QF_BVFP/20170428-Liew-KLEE/imperial_svcomp_float-benchs_svcomp_mea8000.x86_64/query.09889,,870,72.0,,- -,- -
QF_BVFP/20170428-Liew-KLEE/imperial_svcomp_float-benchs_svcomp_mea8000.x86_64/query.09893,,39,0.7,,- -,- -
QF_BVFP/20170428-Liew-KLEE/imperial_svcomp_float-benchs_svcomp_mea8000.x86_64/query.09943,,21,0.5,,- -,- -
QF_BVFP/20170428-Liew-KLEE/imperial_svcomp_float-benchs_svcomp_mea8000.x86_64/query.09995,,90,2.0,,- -,- -
QF_BVFP/20170428-Liew-KLEE/imperial_svcomp_float-benchs_svcomp_mea8000.x86_64/query.10001,,43,0.8,,- -,- -
QF_BVFP/20170428-Liew-KLEE/imperial_svcomp_float-benchs_svcomp_mea8000.x86_64/query.10002,,5,0.8,,17,0.7
QF_BVFP/20170428-Liew-KLEE/imperial_svcomp_float-benchs_svcomp_mea8000.x86_64/query.10011,,4,0.6,,17,0.7
QF_BVFP/20170428-Liew-KLEE/imperial_svcomp_float-benchs_svcomp_mea8000.x86_64/query.10014,,11,1.6,,24,0.7
QF_BVFP/20170428-Liew-KLEE/imperial_svcomp_float-benchs_svcomp_mea8000.x86_64/query.10077,,6,0.9,,14,0.7
QF_BVFP/20170428-Liew-KLEE/imperial_svcomp_float-benchs_svcomp_mea8000.x86_64/query.10114,,4,0.1,,- -,- -
QF_BVFP/20170428-Liew-KLEE/imperial_svcomp_float-benchs_svcomp_mea8000.x86_64/query.10116,,197,33.3,,8,0.7
QF_BVFP/20170428-Liew-KLEE/imperial_svcomp_float-benchs_svcomp_mea8000.x86_64/query.10149,,9,1.4,,8,0.7
QF_BVFP/20170428-Liew-KLEE/imperial_svcomp_float-benchs_svcomp_mea8000.x86_64/query.10155,,4,0.6,,8,0.7
QF_BVFP/20170428-Liew-KLEE/imperial_svcomp_float-benchs_svcomp_mea8000.x86_64/query.10185,,6,1.0,,4,0.7
QF_BVFP/20170428-Liew-KLEE/imperial_svcomp_float-benchs_svcomp_mea8000.x86_64/query.10194,,103,17.5,,14,0.7
QF_BVFP/20170428-Liew-KLEE/imperial_svcomp_float-benchs_svcomp_mea8000.x86_64/query.10196,,79,1.4,,- -,- -
QF_BVFP/20170428-Liew-KLEE/imperial_svcomp_float-benchs_svcomp_mea8000.x86_64/query.10213,,4,0.1,,- -,- -
QF_BVFP/20170428-Liew-KLEE/imperial_svcomp_float-benchs_svcomp_mea8000.x86_64/query.10217,,3,0.1,,629,0.7
QF_BVFP/20170428-Liew-KLEE/imperial_svcomp_float-benchs_svcomp_mea8000.x86_64/query.10244,,8,0.2,,- -,- -
QF_BVFP/20170428-Liew-KLEE/imperial_svcomp_float-benchs_svcomp_mea8000.x86_64/query.10249,,204,4.8,,629,0.7
QF_BVFP/20170428-Liew-KLEE/imperial_svcomp_float-benchs_svcomp_mea8000.x86_64/query.10287,,4,0.6,,24,0.7
QF_BVFP/20170428-Liew-KLEE/imperial_svcomp_float-benchs_svcomp_mea8000.x86_64/query.10301,,57,1.2,,629,0.7
QF_BVFP/20170428-Liew-KLEE/imperial_svcomp_float-benchs_svcomp_mea8000.x86_64/query.10309,,24,0.5,,- -,- -
QF_BVFP/20170428-Liew-KLEE/imperial_svcomp_float-benchs_svcomp_mea8000.x86_64/query.10311,,5,0.7,,24,0.7
QF_BVFP/20170428-Liew-KLEE/imperial_svcomp_float-benchs_svcomp_mea8000.x86_64/query.10338,,44,7.4,,26,0.7
QF_BVFP/20170428-Liew-KLEE/imperial_svcomp_float-benchs_svcomp_mea8000.x86_64/query.10435,,3,0.1,,- -,- -
QF_BVFP/20170428-Liew-KLEE/imperial_svcomp_float-benchs_svcomp_mea8000.x86_64/query.10442,,113,2.3,,- -,- -
QF_BVFP/20170428-Liew-KLEE/imperial_svcomp_float-benchs_svcomp_mea8000.x86_64/query.10446,,127,18.5,,24,0.7
QF_BVFP/20170428-Liew-KLEE/imperial_svcomp_float-benchs_svcomp_mea8000.x86_64/query.10482,,456,113.0,,4,0.7
QF_BVFP/20170428-Liew-KLEE/imperial_svcomp_float-benchs_svcomp_mea8000.x86_64/query.10490,,17,0.4,,- -,- -
QF_BVFP/20170428-Liew-KLEE/imperial_svcomp_float-benchs_svcomp_mea8000.x86_64/query.10495,,- -,- -,,- -,- -
QF_BVFP/20170428-Liew-KLEE/imperial_svcomp_float-benchs_svcomp_mea8000.x86_64/query.10504,,191,4.7,,- -,- -
QF_BVFP/20170428-Liew-KLEE/imperial_svcomp_float-benchs_svcomp_mea8000.x86_64/query.10525,,75,1.6,,- -,- -
QF_BVFP/20170428-Liew-KLEE/imperial_svcomp_float-benchs_svcomp_mea8000.x86_64/query.10546,,3,0.1,,- -,- -
QF_BVFP/20170428-Liew-KLEE/imperial_svcomp_float-benchs_svcomp_mea8000.x86_64/query.10575,,64,11.6,,14,0.7
QF_BVFP/20170428-Liew-KLEE/imperial_svcomp_float-benchs_svcomp_mea8000.x86_64/query.10578,,4,0.6,,10,0.7
QF_BVFP/20170428-Liew-KLEE/imperial_svcomp_float-benchs_svcomp_mea8000.x86_64/query.10582,,8,0.2,,- -,- -
QF_BVFP/20170428-Liew-KLEE/imperial_svcomp_float-benchs_svcomp_mea8000.x86_64/query.10584,,- -,- -,,11,0.7
QF_BVFP/20170428-Liew-KLEE/imperial_svcomp_float-benchs_svcomp_mea8000.x86_64/query.10628,,3,0.1,,- -,- -
QF_BVFP/20170428-Liew-KLEE/imperial_svcomp_float-benchs_svcomp_mea8000.x86_64/query.10637,,19,0.3,,- -,- -
QF_BVFP/20170428-Liew-KLEE/imperial_svcomp_float-benchs_svcomp_mea8000.x86_64/query.10639,,- -,- -,,- -,- -
QF_BVFP/20170428-Liew-KLEE/imperial_svcomp_float-benchs_svcomp_mea8000.x86_64/query.10641,,67,10.5,,10,0.7
QF_BVFP/20170428-Liew-KLEE/imperial_svcomp_float-benchs_svcomp_mea8000.x86_64/query.10644,,17,2.6,,14,0.7
QF_BVFP/20170428-Liew-KLEE/imperial_svcomp_float-benchs_svcomp_mea8000.x86_64/query.10657,,69,2.0,,- -,- -
QF_BVFP/20170428-Liew-KLEE/imperial_svcomp_float-benchs_svcomp_mea8000.x86_64/query.10691,,196,2.6,,629,0.7
QF_BVFP/20170428-Liew-KLEE/imperial_svcomp_float-benchs_svcomp_mea8000.x86_64/query.10695,,34,5.8,,17,0.7
QF_BVFP/20170428-Liew-KLEE/imperial_svcomp_float-benchs_svcomp_mea8000.x86_64/query.10697,,111,2.9,,- -,- -
QF_BVFP/20170428-Liew-KLEE/imperial_svcomp_float-benchs_svcomp_mea8000.x86_64/query.10701,,30,4.0,,4,0.7
QF_BVFP/20170428-Liew-KLEE/imperial_svcomp_float-benchs_svcomp_mea8000.x86_64/query.10703,,52,0.9,,- -,- -
QF_BVFP/20170428-Liew-KLEE/imperial_svcomp_float-benchs_svcomp_mea8000.x86_64/query.10750,,17,0.3,,- -,- -
QF_BVFP/20170428-Liew-KLEE/imperial_svcomp_float-benchs_svcomp_mea8000.x86_64/query.10754,,5,0.1,,- -,- -
QF_BVFP/20170428-Liew-KLEE/imperial_svcomp_float-benchs_svcomp_mea8000.x86_64/query.10791,,46,6.8,,17,0.7
QF_BVFP/20170428-Liew-KLEE/imperial_svcomp_float-benchs_svcomp_rlim_invariant.x86_64/query.087,,27,46.0,,- -,- -
QF_BVFP/20170428-Liew-KLEE/imperial_svcomp_float-benchs_svcomp_rlim_invariant.x86_64/query.167,,8,28.2,,- -,- -
QF_BVFP/20170428-Liew-KLEE/imperial_svcomp_float-benchs_svcomp_rlim_invariant.x86_64/query.180,,8,34.8,,- -,- -
QF_BVFP/20170428-Liew-KLEE/imperial_svcomp_float-benchs_svcomp_rlim_invariant.x86_64/query.181,,14,51.9,,- -,- -
QF_BVFP/20170428-Liew-KLEE/imperial_svcomp_float-benchs_svcomp_rlim_invariant.x86_64/query.262,,15,49.5,,- -,- -
QF_BVFP/20170428-Liew-KLEE/imperial_svcomp_float-benchs_svcomp_rlim_invariant.x86_64/query.271,,8,34.0,,- -,- -
QF_BVFP/20170428-Liew-KLEE/imperial_svcomp_float-benchs_svcomp_rlim_invariant.x86_64/query.276,,15,41.2,,- -,- -
QF_BVFP/20170428-Liew-KLEE/imperial_svcomp_float-benchs_svcomp_rlim_invariant.x86_64/query.283,,12,42.0,,- -,- -
QF_BVFP/20170428-Liew-KLEE/imperial_svcomp_float-benchs_svcomp_rlim_invariant.x86_64/query.327,,8,48.2,,- -,- -
QF_BVFP/20170428-Liew-KLEE/imperial_svcomp_float-benchs_svcomp_rlim_invariant.x86_64/query.358,,19,69.1,,- -,- -
QF_BVFP/20170428-Liew-KLEE/imperial_svcomp_float-benchs_svcomp_rlim_invariant.x86_64/query.372,,21,88.9,,- -,- -
QF_BVFP/20170428-Liew-KLEE/imperial_svcomp_float-benchs_svcomp_rlim_invariant.x86_64/query.408,,12,48.6,,- -,- -
QF_BVFP/20170428-Liew-KLEE/imperial_svcomp_float-benchs_svcomp_rlim_invariant.x86_64/query.494,,23,105.1,,- -,- -
QF_BVFP/20170428-Liew-KLEE/imperial_svcomp_float-benchs_svcomp_rlim_invariant.x86_64/query.501,,28,128.8,,- -,- -
QF_BVFP/20170428-Liew-KLEE/imperial_svcomp_float-benchs_svcomp_rlim_invariant.x86_64/query.519,,14,57.1,,- -,- -
QF_BVFP/20170428-Liew-KLEE/imperial_svcomp_float-benchs_svcomp_rlim_invariant.x86_64/query.538,,32,105.9,,- -,- -
QF_BVFP/20170428-Liew-KLEE/imperial_svcomp_float-benchs_svcomp_rlim_invariant.x86_64/query.558,,11,58.1,,- -,- -
QF_BVFP/20170428-Liew-KLEE/imperial_svcomp_float-benchs_svcomp_rlim_invariant.x86_64/query.572,,18,68.1,,- -,- -
QF_BVFP/20170428-Liew-KLEE/imperial_svcomp_float-benchs_svcomp_rlim_invariant.x86_64/query.691,,20,99.4,,- -,- -
QF_BVFP/20170428-Liew-KLEE/imperial_svcomp_float-benchs_svcomp_rlim_invariant.x86_64/query.695,,33,122.8,,- -,- -
QF_BVFP/20170428-Liew-KLEE/imperial_svcomp_float-benchs_svcomp_rlim_invariant.x86_64/query.697,,21,116.7,,- -,- -
QF_BVFP/20170428-Liew-KLEE/imperial_svcomp_float-benchs_svcomp_rlim_invariant.x86_64/query.705,,9,52.9,,- -,- -
QF_BVFP/20170428-Liew-KLEE/imperial_svcomp_float-benchs_svcomp_sin_interpolated_bigrange_tight.x86_64/query.11,,14,47.3,,- -,- -
QF_BVFP/20170428-Liew-KLEE/imperial_svcomp_float-benchs_svcomp_sqrt_householder_interval.x86_64/query.1,,8,1.4,,185,0.7
QF_BVFP/20170428-Liew-KLEE/imperial_svcomp_float-benchs_svcomp_sqrt_householder_interval.x86_64/query.5,,- -,- -,,57,1.4
QF_BVFP/20170428-Liew-KLEE/imperial_svcomp_float-benchs_svcomp_sqrt_householder_interval.x86_64/query.6,,- -,- -,,38,1.2
QF_BVFP/20170428-Liew-KLEE/imperial_svcomp_float-benchs_svcomp_sqrt_householder_interval.x86_64/query.7,,- -,- -,,- -,- -
QF_BVFP/20170428-Liew-KLEE/imperial_synthetic_count_klee.x86_64/query.02,,4,0.8,,85,33.3
QF_BVFP/20170428-Liew-KLEE/imperial_synthetic_count_klee.x86_64/query.04,,7,2.1,,- -,- -
QF_BVFP/20170428-Liew-KLEE/imperial_synthetic_count_klee.x86_64/query.11,,3,3.1,,- -,- -
QF_BVFP/20170428-Liew-KLEE/imperial_synthetic_count_klee.x86_64/query.20,,4,6.8,,- -,- -
QF_BVFP/20170428-Liew-KLEE/imperial_synthetic_count_klee.x86_64/query.83,,4,23.7,,- -,- -
QF_BVFP/20170428-Liew-KLEE/imperial_synthetic_fsub_to_exact_zero_klee_float.x86_64/query.02,,7,1.0,,12,0.9
QF_BVFP/20170428-Liew-KLEE/imperial_synthetic_interval_klee_bug.x86_64/query.21,,- -,- -,,- -,- -
QF_BVFP/20170428-Liew-KLEE/imperial_synthetic_interval_klee_bug.x86_64/query.26,,17,77.5,,- -,- -
QF_BVFP/20170428-Liew-KLEE/imperial_synthetic_interval_klee_bug_symbolic_increment.x86_64/query.18,,- -,- -,,- -,- -
QF_BVFP/20170428-Liew-KLEE/imperial_synthetic_memcpy_and_use_as_bitvector_klee.x86_64/query.070,,5,1.7,,- -,- -
QF_BVFP/20170428-Liew-KLEE/imperial_synthetic_non_terminating_klee_bug.x86_64/query.12,,- -,- -,,236,0.9
QF_BVFP/20170428-Liew-KLEE/imperial_synthetic_non_terminating_klee_bug.x86_64/query.13,,86,259.5,,28,0.9
QF_BVFP/20170428-Liew-KLEE/imperial_synthetic_non_terminating_klee_bug.x86_64/query.14,,- -,- -,,171,0.9
QF_BVFP/20170428-Liew-KLEE/imperial_synthetic_non_terminating_klee_bug.x86_64/query.15,,17,70.5,,14,0.9
QF_BVFP/20170428-Liew-KLEE/imperial_synthetic_non_terminating_klee_bug.x86_64/query.16,,- -,- -,,30,1.0
QF_BVFP/20170428-Liew-KLEE/imperial_synthetic_non_terminating_klee_bug.x86_64/query.17,,- -,- -,,15,1.0
QF_BVFP/20170428-Liew-KLEE/imperial_synthetic_non_terminating_klee_bug.x86_64/query.18,,15,78.8,,21,1.0
QF_BVFP/20170428-Liew-KLEE/imperial_synthetic_non_terminating_klee_bug.x86_64/query.19,,- -,- -,,14,1.0
QF_BVFP/20170428-Liew-KLEE/imperial_synthetic_non_terminating_klee_bug.x86_64/query.20,,- -,- -,,33,1.0
QF_BVFP/20170428-Liew-KLEE/imperial_synthetic_non_terminating_klee_bug.x86_64/query.21,,- -,- -,,72,1.1
QF_BVFP/20170428-Liew-KLEE/imperial_synthetic_non_terminating_klee_bug.x86_64/query.22,,23,148.7,,276,1.1
QF_BVFP/20170428-Liew-KLEE/imperial_synthetic_non_terminating_klee_bug.x86_64/query.23,,- -,- -,,24,1.1
QF_BVFP/20170428-Liew-KLEE/imperial_synthetic_non_terminating_klee_bug.x86_64/query.24,,- -,- -,,821,1.1
QF_BVFP/20170428-Liew-KLEE/imperial_synthetic_non_terminating_klee_bug.x86_64/query.25,,- -,- -,,14,1.1
QF_BVFP/20170428-Liew-KLEE/imperial_synthetic_non_terminating_klee_bug.x86_64/query.26,,- -,- -,,17,1.2
QF_BVFP/20170428-Liew-KLEE/imperial_synthetic_non_terminating_klee_bug.x86_64/query.27,,- -,- -,,350,1.1
QF_BVFP/20170428-Liew-KLEE/imperial_synthetic_non_terminating_klee_bug.x86_64/query.28,,38,285.7,,9,1.2
QF_BVFP/20170428-Liew-KLEE/imperial_synthetic_non_terminating_klee_bug.x86_64/query.29,,30,266.2,,37,1.2
QF_BVFP/20170428-Liew-KLEE/imperial_synthetic_non_terminating_klee_bug.x86_64/query.30,,- -,- -,,23,1.2
QF_BVFP/20170428-Liew-KLEE/imperial_synthetic_non_terminating_klee_bug.x86_64/query.31,,- -,- -,,30,1.2
QF_BVFP/20170428-Liew-KLEE/imperial_synthetic_non_terminating_klee_no_bug.x86_64/query.01,,224,10.6,,10,0.7
QF_BVFP/20170428-Liew-KLEE/imperial_synthetic_sorted_search_klee_bug_float.x86_64/query.07,,24,9.7,,169,0.8
QF_BVFP/20170428-Liew-KLEE/imperial_synthetic_sqrt_klee.x86_64/query.10,,2,6.9,,- -,- -
QF_BVFP/20170428-Liew-KLEE/imperial_synthetic_sqrt_klee.x86_64/query.15,,3,16.6,,- -,- -
QF_BVFP/20170428-Liew-KLEE/imperial_synthetic_sqrt_klee.x86_64/query.20,,6,34.8,,- -,- -
QF_BVFP/20170428-Liew-KLEE/imperial_synthetic_sqrt_klee.x86_64/query.25,,7,78.0,,- -,- -
QF_BVFP/20170428-Liew-KLEE/imperial_synthetic_sqrt_klee.x86_64/query.30,,- -,- -,,- -,- -
QF_BVFP/20170428-Liew-KLEE/imperial_synthetic_sqrt_klee.x86_64/query.35,,- -,- -,,- -,- -
QF_BVFP/20170428-Liew-KLEE/imperial_synthetic_sqrt_klee_bug.x86_64/query.20,,8,44.8,,- -,- -
QF_BVFP/20170428-Liew-KLEE/imperial_synthetic_sqrt_klee_bug.x86_64/query.25,,6,68.7,,- -,- -
QF_BVFP/20170428-Liew-KLEE/imperial_synthetic_sqrt_klee_bug.x86_64/query.30,,8,114.2,,- -,- -
QF_BVFP/20170428-Liew-KLEE/imperial_synthetic_vanishing_klee_bug.x86_64/query.4,,234,178.9,,- -,- -
QF_BVFP/20170501-Heizmann-UltimateAutomizer/Muller_Kahan_true-unreach-call.c_179,,30,218.7,,- -,- -
QF_BVFP/20170501-Heizmann-UltimateAutomizer/Muller_Kahan_true-unreach-call.c_315,,22,168.4,,- -,- -
QF_BVFP/20170501-Heizmann-UltimateAutomizer/Muller_Kahan_true-unreach-call.c_414,,- -,- -,,- -,- -
QF_BVFP/20170501-Heizmann-UltimateAutomizer/Muller_Kahan_true-unreach-call.c_422,,- -,- -,,- -,- -
QF_BVFP/20170501-Heizmann-UltimateAutomizer/Muller_Kahan_true-unreach-call.c_430,,- -,- -,,- -,- -
QF_BVFP/20170501-Heizmann-UltimateAutomizer/Muller_Kahan_true-unreach-call.c_446,,12,102.5,,- -,- -
QF_BVFP/20170501-Heizmann-UltimateAutomizer/Muller_Kahan_true-unreach-call.c_68,,19,168.6,,- -,- -
QF_BVFP/20170501-Heizmann-UltimateAutomizer/filter2_set_true-unreach-call.c_11,,- -,- -,,- -,- -
QF_BVFP/20170501-Heizmann-UltimateAutomizer/filter2_true-unreach-call.c_11,,- -,- -,,- -,- -
QF_BVFP/20170501-Heizmann-UltimateAutomizer/sqrt_Householder_constant_true-unreach-call.c_274,,- -,- -,,- -,- -
QF_BVFP/20170501-Heizmann-UltimateAutomizer/sqrt_Householder_constant_true-unreach-call.c_4,,- -,- -,,- -,- -
QF_BVFP/20170501-Heizmann-UltimateAutomizer/sqrt_Householder_interval_true-unreach-call.c_4,,- -,- -,,- -,- -
QF_BVFP/20170501-Heizmann-UltimateAutomizer/sqrt_Newton_pseudoconstant_true-unreach-call.c_188,,- -,- -,,- -,- -
QF_BVFP/20170501-Heizmann-UltimateAutomizer/sqrt_Newton_pseudoconstant_true-unreach-call.c_4,,- -,- -,,- -,- -
QF_BVFP/20170501-Heizmann-UltimateAutomizer/sqrt_biNewton_pseudoconstant_true-unreach-call.c_4,,- -,- -,,- -,- -
,,,,,,
QF_FP/20170501-Heizmann-UltimateAutomizer/Newlib-BadKrozingenChallenge-Oversimplified,,- -,- -,,- -,- -
QF_FP/20170501-Heizmann-UltimateAutomizer/cos_polynomial_true-unreach-call.c_9,,- -,- -,,- -,- -
QF_FP/20170501-Heizmann-UltimateAutomizer/filter2_reinit_true-unreach-call.c_7,,- -,- -,,- -,- -
QF_FP/20170501-Heizmann-UltimateAutomizer/image_filter_true-unreach-call.c_2,,- -,- -,,- -,- -
QF_FP/20170501-Heizmann-UltimateAutomizer/water_pid_true-unreach-call.c_14,,- -,- -,,- -,- -
QF_FP/20170501-Heizmann-UltimateAutomizer/water_pid_true-unreach-call.c_372,,- -,- -,,- -,- -
QF_FP/griggio/fmcad12/div.c.10,,- -,- -,,- -,- -
QF_FP/griggio/fmcad12/div.c.20,,- -,- -,,- -,- -
QF_FP/griggio/fmcad12/div.c.3,,19,167.0,,569,0.8
QF_FP/griggio/fmcad12/div.c.30,,- -,- -,,- -,- -
QF_FP/griggio/fmcad12/div.c.40,,- -,- -,,- -,- -
QF_FP/griggio/fmcad12/div.c.50,,- -,- -,,- -,- -
QF_FP/griggio/fmcad12/div2.c.10,,- -,- -,,- -,- -
QF_FP/griggio/fmcad12/div2.c.20,,- -,- -,,- -,- -
QF_FP/griggio/fmcad12/div2.c.3,,14,95.9,,- -,- -
QF_FP/griggio/fmcad12/div2.c.30,,- -,- -,,- -,- -
QF_FP/griggio/fmcad12/div2.c.40,,- -,- -,,- -,- -
QF_FP/griggio/fmcad12/div2.c.50,,- -,- -,,- -,- -
QF_FP/griggio/fmcad12/div3.c.10,,- -,- -,,- -,- -
QF_FP/griggio/fmcad12/div3.c.20,,- -,- -,,- -,- -
QF_FP/griggio/fmcad12/div3.c.3,,13,100.1,,27,0.8
QF_FP/griggio/fmcad12/div3.c.30,,- -,- -,,- -,- -
QF_FP/griggio/fmcad12/div3.c.40,,- -,- -,,- -,- -
QF_FP/griggio/fmcad12/div3.c.50,,- -,- -,,- -,- -
QF_FP/griggio/fmcad12/e1.c,,7,6.6,,28,0.8
QF_FP/griggio/fmcad12/e1_1.c,,9,8.5,,- -,- -
QF_FP/griggio/fmcad12/e1_2.c,,8,9.4,,- -,- -
QF_FP/griggio/fmcad12/e2.c,,11,130.4,,- -,- -
QF_FP/griggio/fmcad12/e2_1.c,,12,112.3,,40,0.8
QF_FP/griggio/fmcad12/e2_2.c,,11,19.8,,- -,- -
QF_FP/griggio/fmcad12/e2_3.c,,6,14.5,,- -,- -
QF_FP/griggio/fmcad12/e2a_1.c,,5,9.8,,- -,- -
QF_FP/griggio/fmcad12/e2a_2.c,,10,16.4,,18,0.8
QF_FP/griggio/fmcad12/e2a_3.c,,7,11.5,,- -,- -
QF_FP/griggio/fmcad12/e3_1.c,,11,214.2,,- -,- -
QF_FP/griggio/fmcad12/e3_2.c,,11,97.1,,560,0.8
QF_FP/griggio/fmcad12/f23,,15,231.4,,- -,- -
QF_FP/griggio/fmcad12/gaussian.c.125,,- -,- -,,- -,- -
QF_FP/griggio/fmcad12/gaussian.c.175,,- -,- -,,- -,- -
QF_FP/griggio/fmcad12/gaussian.c.25,,- -,- -,,- -,- -
QF_FP/griggio/fmcad12/gaussian.c.75,,- -,- -,,- -,- -
QF_FP/griggio/fmcad12/mul_000003_30000_1,,- -,- -,,- -,- -
QF_FP/griggio/fmcad12/mul_03_3000_1,,- -,- -,,- -,- -
QF_FP/griggio/fmcad12/mul_03_3_1,,- -,- -,,- -,- -
QF_FP/griggio/fmcad12/mult1.c.10,,- -,- -,,- -,- -
QF_FP/griggio/fmcad12/mult1.c.20,,- -,- -,,- -,- -
QF_FP/griggio/fmcad12/mult1.c.3,,11,35.7,,172,0.8
QF_FP/griggio/fmcad12/mult1.c.30,,- -,- -,,- -,- -
QF_FP/griggio/fmcad12/mult1.c.40,,- -,- -,,- -,- -
QF_FP/griggio/fmcad12/mult1.c.50,,- -,- -,,- -,- -
QF_FP/griggio/fmcad12/mult2.c.10,,- -,- -,,- -,- -
QF_FP/griggio/fmcad12/mult2.c.20,,- -,- -,,- -,- -
QF_FP/griggio/fmcad12/mult2.c.3,,19,111.2,,- -,- -
QF_FP/griggio/fmcad12/mult2.c.30,,- -,- -,,- -,- -
QF_FP/griggio/fmcad12/mult2.c.40,,- -,- -,,- -,- -
QF_FP/griggio/fmcad12/mult2.c.50,,- -,- -,,- -,- -
QF_FP/griggio/fmcad12/newton.4.1.i,,- -,- -,,35,1.0
QF_FP/griggio/fmcad12/newton.5.1.i,,- -,- -,,10,1.0
QF_FP/griggio/fmcad12/newton.5.3.i,,- -,- -,,- -,- -
QF_FP/griggio/fmcad12/newton.6.1.i,,- -,- -,,8,1.1
QF_FP/griggio/fmcad12/newton.6.2.i,,- -,- -,,23,1.4
QF_FP/griggio/fmcad12/newton.6.3.i,,- -,- -,,- -,- -
QF_FP/griggio/fmcad12/newton.7.1.i,,10,231.2,,46,1.1
QF_FP/griggio/fmcad12/newton.7.2.i,,- -,- -,,- -,- -
QF_FP/griggio/fmcad12/newton.7.3.i,,- -,- -,,945,1.9
QF_FP/griggio/fmcad12/newton.8.1.i,,- -,- -,,195,1.0
QF_FP/griggio/fmcad12/newton.8.2.i,,- -,- -,,- -,- -
QF_FP/griggio/fmcad12/newton.8.3.i,,- -,- -,,- -,- -
QF_FP/griggio/fmcad12/sin.c.125,,- -,- -,,- -,- -
QF_FP/griggio/fmcad12/sin.c.175,,- -,- -,,- -,- -
QF_FP/griggio/fmcad12/sin.c.25,,- -,- -,,- -,- -
QF_FP/griggio/fmcad12/sin.c.75,,- -,- -,,- -,- -
QF_FP/griggio/fmcad12/sin2.c.10,,- -,- -,,- -,- -
QF_FP/griggio/fmcad12/sin2.c.125,,- -,- -,,- -,- -
QF_FP/griggio/fmcad12/sin2.c.15,,- -,- -,,- -,- -
QF_FP/griggio/fmcad12/sin2.c.175,,- -,- -,,- -,- -
QF_FP/griggio/fmcad12/sin2.c.2,,- -,- -,,- -,- -
QF_FP/griggio/fmcad12/sin2.c.20,,- -,- -,,- -,- -
QF_FP/griggio/fmcad12/sin2.c.25,,- -,- -,,- -,- -
QF_FP/griggio/fmcad12/sin2.c.5,,- -,- -,,- -,- -
QF_FP/griggio/fmcad12/sin2.c.75,,- -,- -,,- -,- -
QF_FP/griggio/fmcad12/sine.1.0.i,,- -,- -,,- -,- -
QF_FP/griggio/fmcad12/sqrt.c.10,,- -,- -,,- -,- -
QF_FP/griggio/fmcad12/sqrt.c.15,,- -,- -,,- -,- -
QF_FP/griggio/fmcad12/sqrt.c.2,,- -,- -,,- -,- -
QF_FP/griggio/fmcad12/sqrt.c.20,,- -,- -,,- -,- -
QF_FP/griggio/fmcad12/sqrt.c.25,,- -,- -,,- -,- -
QF_FP/griggio/fmcad12/sqrt.c.5,,- -,- -,,- -,- -
QF_FP/griggio/fmcad12/test_v3_r3_vr10_c1_s14052,,- -,- -,,- -,- -
QF_FP/griggio/fmcad12/test_v3_r3_vr10_c1_s24300,,10,138.2,,- -,- -
QF_FP/griggio/fmcad12/test_v3_r3_vr10_c1_s29304,,12,93.0,,- -,- -
QF_FP/griggio/fmcad12/test_v3_r3_vr1_c1_s10392,,19,128.3,,- -,- -
QF_FP/griggio/fmcad12/test_v3_r3_vr5_c1_s16641,,- -,- -,,195,1.0
QF_FP/griggio/fmcad12/test_v3_r3_vr5_c1_s16867,,13,122.5,,12,1.0
QF_FP/griggio/fmcad12/test_v3_r3_vr5_c1_s26769,,36,267.2,,- -,- -
QF_FP/griggio/fmcad12/test_v3_r8_vr10_c1_s5590,,- -,- -,,- -,- -
QF_FP/griggio/fmcad12/test_v5_r10_vr10_c1_s15708,,- -,- -,,- -,- -
QF_FP/griggio/fmcad12/test_v5_r10_vr1_c1_s13516,,- -,- -,,- -,- -
QF_FP/griggio/fmcad12/test_v5_r10_vr1_c1_s19145,,- -,- -,,- -,- -
QF_FP/griggio/fmcad12/test_v5_r10_vr5_c1_s13195,,- -,- -,,- -,- -
QF_FP/griggio/fmcad12/test_v5_r10_vr5_c1_s13679,,- -,- -,,- -,- -
QF_FP/griggio/fmcad12/test_v5_r15_vr10_c1_s14516,,- -,- -,,- -,- -
QF_FP/griggio/fmcad12/test_v5_r15_vr10_c1_s25268,,- -,- -,,- -,- -
QF_FP/griggio/fmcad12/test_v5_r5_vr10_c1_s5379,,- -,- -,,- -,- -
QF_FP/griggio/fmcad12/test_v5_r5_vr10_c1_s5996,,- -,- -,,- -,- -
QF_FP/griggio/fmcad12/test_v5_r5_vr10_c1_s7194,,- -,- -,,- -,- -
QF_FP/griggio/fmcad12/test_v5_r5_vr1_c1_s14623,,- -,- -,,- -,- -
QF_FP/griggio/fmcad12/test_v5_r5_vr1_c1_s15604,,- -,- -,,- -,- -
QF_FP/griggio/fmcad12/test_v5_r5_vr1_c1_s16138,,- -,- -,,- -,- -
QF_FP/griggio/fmcad12/test_v5_r5_vr5_c1_s24018,,- -,- -,,- -,- -
QF_FP/griggio/fmcad12/test_v5_r5_vr5_c1_s2800,,- -,- -,,- -,- -
QF_FP/griggio/fmcad12/test_v5_r5_vr5_c1_s9855,,- -,- -,,- -,- -
QF_FP/griggio/fmcad12/test_v7_r12_vr10_c1_s15994,,- -,- -,,- -,- -
QF_FP/griggio/fmcad12/test_v7_r12_vr10_c1_s18160,,- -,- -,,- -,- -
QF_FP/griggio/fmcad12/test_v7_r12_vr10_c1_s30410,,- -,- -,,- -,- -
QF_FP/griggio/fmcad12/test_v7_r12_vr1_c1_s10576,,- -,- -,,- -,- -
QF_FP/griggio/fmcad12/test_v7_r12_vr1_c1_s22787,,- -,- -,,- -,- -
QF_FP/griggio/fmcad12/test_v7_r12_vr1_c1_s703,,- -,- -,,- -,- -
QF_FP/griggio/fmcad12/test_v7_r12_vr5_c1_s14336,,- -,- -,,- -,- -
QF_FP/griggio/fmcad12/test_v7_r12_vr5_c1_s29826,,- -,- -,,- -,- -
QF_FP/griggio/fmcad12/test_v7_r12_vr5_c1_s8938,,- -,- -,,- -,- -
QF_FP/griggio/fmcad12/test_v7_r17_vr10_c1_s18654,,- -,- -,,- -,- -
QF_FP/griggio/fmcad12/test_v7_r17_vr10_c1_s3680,,- -,- -,,- -,- -
QF_FP/griggio/fmcad12/test_v7_r17_vr10_c1_s8773,,- -,- -,,- -,- -
QF_FP/griggio/fmcad12/test_v7_r17_vr1_c1_s23882,,- -,- -,,- -,- -
QF_FP/griggio/fmcad12/test_v7_r17_vr1_c1_s24331,,- -,- -,,- -,- -
QF_FP/griggio/fmcad12/test_v7_r17_vr5_c1_s25451,,- -,- -,,- -,- -
QF_FP/griggio/fmcad12/test_v7_r17_vr5_c1_s2807,,- -,- -,,- -,- -
QF_FP/griggio/fmcad12/test_v7_r17_vr5_c1_s4772,,- -,- -,,- -,- -
QF_FP/griggio/fmcad12/test_v7_r7_vr10_c1_s10625,,- -,- -,,- -,- -
QF_FP/griggio/fmcad12/test_v7_r7_vr10_c1_s24535,,- -,- -,,- -,- -
QF_FP/griggio/fmcad12/test_v7_r7_vr10_c1_s32506,,- -,- -,,- -,- -
QF_FP/griggio/fmcad12/test_v7_r7_vr1_c1_s22845,,- -,- -,,- -,- -
QF_FP/griggio/fmcad12/test_v7_r7_vr1_c1_s4574,,- -,- -,,- -,- -
QF_FP/griggio/fmcad12/test_v7_r7_vr5_c1_s14675,,- -,- -,,- -,- -
QF_FP/griggio/fmcad12/test_v7_r7_vr5_c1_s19694,,- -,- -,,- -,- -
QF_FP/griggio/fmcad12/test_v7_r7_vr5_c1_s3582,,- -,- -,,- -,- -
QF_FP/ramalho/esbmc/nan_double-main,,- -,- -,,- -,- -
QF_FP/ramalho/esbmc/nan_float-main,,- -,- -,,- -,- -
QF_FP/ramalho/esbmc/newton_3_6_false-unreach-call-main,,- -,- -,,- -,- -
QF_FP/ramalho/esbmc/sine_4_true-unreach-call-main,,- -,- -,,- -,- -
QF_FP/schanda/spark/O220-024,,4,5.7,,- -,- -
QF_FP/schanda/spark/angle_between_2,,- -,- -,,182,1.1
QF_FP/schanda/spark/assoc_add,,- -,- -,,299,0.8
QF_FP/schanda/spark/assoc_mult,,19,90.8,,31,0.8
QF_FP/schanda/spark/average_3,,- -,- -,,15,1.3
QF_FP/schanda/spark/average_5,,- -,- -,,- -,- -
QF_FP/schanda/spark/average_6,,20,27.8,,- -,- -
QF_FP/schanda/spark/cancel_2,,2,0.4,,2,300.0
QF_FP/schanda/spark/cases_2,,1,0.1,,1,0.7
QF_FP/schanda/spark/exp_3_precision,,12,42.1,,16,0.8
QF_FP/schanda/spark/guarded_div_1,,14,49.4,,- -,- -
QF_FP/schanda/spark/guarded_div_2,,20,54.4,,- -,- -
QF_FP/schanda/spark/incorrect_reordering,,- -,- -,,1,6.7
QF_FP/schanda/spark/protected_divide,,15,29.5,,- -,- -
QF_FP/schanda/spark/riposte_floats_are_not_rational,,1,0.3,,- -,- -
QF_FP/schanda/spark/scale_1,,3,0.8,,3,300.0
QF_FP/schanda/spark/underflow_1,,2,2.2,,3,0.8
QF_FP/schanda/spark/user_rule_1,,- -,- -,,- -,- -
QF_FP/schanda/spark/zeros_count_1,,1,0.1,,1,300.0
